SALE TYPE,SOLD DATE,PROPERTY TYPE,ADDRESS,CITY,STATE OR PROVINCE,ZIP OR POSTAL CODE,PRICE,BEDS,BATHS,LOCATION,SQUARE FEET,LOT SIZE,YEAR BUILT,DAYS ON MARKET,$/SQUARE FEET,HOA/MONTH,STATUS,NEXT OPEN HOUSE START TIME,NEXT OPEN HOUSE END TIME,URL (SEE http://www.redfin.com/buy-a-home/comparative-market-analysis FOR INFO ON PRICING),SOURCE,MLS#,FAVORITE,INTERESTED,LATITUDE,LONGITUDE,web-scraper-order,web-scraper-start-url,prop_link,prop_link-href,address,thumbnail-src,estimate,listed-price
PAST SALE,September-29-2020,Condo/Co-op,11400 Washington Plz W #404,Reston,VA,20190,237500,1,1.0,LAKE ANNE OF RESTON COND,785,,1966,34.0,303,970.0,Sold,,,http://www.redfin.com/VA/Reston/11400-Washington-Plz-W-20190/unit-404/home/9225532,BRIGHT MLS,VAFX1149162,N,Y,38.967822999999996,-77.34104140000001,1604368528-362,https://www.redfin.com/city/25657/VA/Reston/filter/include=sold-3mo/page-1,,https://www.redfin.com/VA/Reston/11400-Washington-Plz-W-20190/unit-404/home/9225532,11400 Washington Plz W #404,https://ssl.cdn-redfin.com/photo/235/mbpaddedwide/162/genMid.VAFX1149162_1.jpg,"$251,795",
PAST SALE,October-1-2020,Condo/Co-op,11654 Stoneview Sq Unit 2B,Reston,VA,20191,206000,2,2.0,SHADOWOOD,894,,1974,32.0,230,502.0,Sold,,,http://www.redfin.com/VA/Reston/11654-Stoneview-Sq-20191/unit-2B/home/172510960,BRIGHT MLS,VAFX1148620,N,Y,38.932796999999994,-77.349503,1604368532-363,https://www.redfin.com/city/25657/VA/Reston/filter/include=sold-3mo/page-1,,https://www.redfin.com/VA/Reston/11654-Stoneview-Sq-20191/unit-2B/home/172510960,11654 Stoneview Sq Unit 2B,https://ssl.cdn-redfin.com/photo/235/mbpaddedwide/620/genMid.VAFX1148620_2.jpg,"$230,702",
PAST SALE,October-5-2020,Condo/Co-op,12001 Taliesin Pl #31,Reston,VA,20190,325000,1,1.0,OAK PARK CONDO AT,934,,1993,28.0,348,506.0,Sold,,,http://www.redfin.com/VA/Reston/12001-Taliesin-Pl-20190/unit-31/home/9213062,BRIGHT MLS,VAFX1147706,N,Y,38.960874600000004,-77.360722,1604368536-364,https://www.redfin.com/city/25657/VA/Reston/filter/include=sold-3mo/page-1,,https://www.redfin.com/VA/Reston/12001-Taliesin-Pl-20190/unit-31/home/9213062,12001 Taliesin Pl #31,https://ssl.cdn-redfin.com/photo/235/mbpaddedwide/706/genMid.VAFX1147706_2.jpg,"$328,938",
PAST SALE,October-16-2020,Condo/Co-op,1509 N Point Dr #1,Reston,VA,20194,335000,2,2.0,NORTH POINT VILLAS CONDO,1050,,1999,17.0,319,420.0,Sold,,,http://www.redfin.com/VA/Reston/1509-N-Point-Dr-20194/unit-001/home/171037337,BRIGHT MLS,VAFX1149040,N,Y,38.980614,-77.351586,1604368540-365,https://www.redfin.com/city/25657/VA/Reston/filter/include=sold-3mo/page-1,,https://www.redfin.com/VA/Reston/1509-N-Point-Dr-20194/unit-001/home/171037337,1509 N Point Dr #1,https://ssl.cdn-redfin.com/photo/235/mbpaddedwide/040/genMid.VAFX1149040_4.jpg,"$337,717",
PAST SALE,September-4-2020,Condo/Co-op,1501 N Point Dr #304,Reston,VA,20194,359500,3,2.0,NORTH POINT VILLAS CONDO,1300,,1999,59.0,277,468.0,Sold,,,http://www.redfin.com/VA/Reston/1501-N-Point-Dr-20194/unit-304/home/25708577,BRIGHT MLS,VAFX1143314,N,Y,38.9805527,-77.3524073,1604368548-367,https://www.redfin.com/city/25657/VA/Reston/filter/include=sold-3mo/page-1,,https://www.redfin.com/VA/Reston/1501-N-Point-Dr-20194/unit-304/home/25708577,1501 N Point Dr #304,https://ssl.cdn-redfin.com/photo/235/mbpaddedwide/314/genMid.VAFX1143314_3.jpg,"$370,070",
PAST SALE,August-31-2020,Condo/Co-op,11918 Breton Ct Unit 1B,Reston,VA,20191,437750,3,2.5,GLADE AT HUNTERS WOODS T,1514,,1998,63.0,289,374.0,Sold,,,http://www.redfin.com/VA/Reston/11918-Breton-Ct-20191/unit-1B/home/9333614,BRIGHT MLS,VAFX1142760,N,Y,38.935471,-77.361076,1604368511-358,https://www.redfin.com/city/25657/VA/Reston/filter/include=sold-3mo/page-1,,https://www.redfin.com/VA/Reston/11918-Breton-Ct-20191/unit-1B/home/9333614,11918 Breton Ct Unit 1B,https://ssl.cdn-redfin.com/photo/235/mbpaddedwide/760/genMid.VAFX1142760_1.jpg,"$441,283",
PAST SALE,August-7-2020,Condo/Co-op,12945 Centre Park Cir #206,Herndon,VA,20171,232500,1,1.0,BRYSON AT WOODLAND PARK,664,,2005,87.0,350,269.0,Sold,,,http://www.redfin.com/VA/Herndon/12945-Centre-Park-Cir-20171/unit-206/home/12073077,BRIGHT MLS,VAFX1132816,N,Y,38.950337100000006,-77.3911444,1604367410-65,https://www.redfin.com/city/25657/VA/Reston/filter/include=sold-3mo/page-15,,https://www.redfin.com/VA/Herndon/12945-Centre-Park-Cir-20171/unit-206/home/12073077,12945 Centre Park Cir #206,https://ssl.cdn-redfin.com/photo/235/mbpaddedwide/816/genMid.VAFX1132816_3.jpg,"$240,339",
PAST SALE,September-3-2020,Condo/Co-op,12001 Market St #177,Reston,VA,20190,395000,2,2.0,MARKET STREET AT TOWN CE,1060,,2003,60.0,373,495.0,Sold,,,http://www.redfin.com/VA/Reston/12001-Market-St-20190/unit-177/home/9849058,BRIGHT MLS,VAFX1128194,N,Y,38.958028000000006,-77.362359,1604367703-138,https://www.redfin.com/city/25657/VA/Reston/filter/include=sold-3mo/page-12,,https://www.redfin.com/VA/Reston/12001-Market-St-20190/unit-177/home/9849058,12001 Market St #177,https://ssl.cdn-redfin.com/photo/235/mbpaddedwide/194/genMid.VAFX1128194_4.jpg,"$409,481",
PAST SALE,August-26-2020,Condo/Co-op,12905 Centre Park Cir #312,Herndon,VA,20171,317000,2,2.0,BRYSON AT WOODLAND PARK,1031,,2005,68.0,307,405.0,Sold,,,http://www.redfin.com/VA/Herndon/12905-Centre-Park-Cir-20171/unit-312/home/9854430,BRIGHT MLS,VAFX1141912,N,Y,38.94939829999999,-77.39305999999999,1604368383-324,https://www.redfin.com/city/25657/VA/Reston/filter/include=sold-3mo/page-3,,https://www.redfin.com/VA/Herndon/12905-Centre-Park-Cir-20171/unit-312/home/9854430,12905 Centre Park Cir #312,https://ssl.cdn-redfin.com/photo/235/mbpaddedwide/912/genMid.VAFX1141912_3.jpg,"$331,228",
PAST SALE,September-21-2020,Condo/Co-op,1701 Lake Shore Crest Dr #15,Reston,VA,20190,342000,2,2.0,EDGEWATER AT TOWN CENTER,1108,,1995,42.0,309,512.0,Sold,,,http://www.redfin.com/VA/Reston/1701-Lake-Shore-Crest-Dr-20190/unit-15/home/9215877,BRIGHT MLS,VAFX1143704,N,Y,38.9649058,-77.3638084,1604367852-180,https://www.redfin.com/city/25657/VA/Reston/filter/include=sold-3mo/page-10,,https://www.redfin.com/VA/Reston/1701-Lake-Shore-Crest-Dr-20190/unit-15/home/9215877,1701 Lake Shore Crest Dr #15,https://ssl.cdn-redfin.com/photo/235/mbpaddedwide/704/genMid.VAFX1143704_1.jpg,"$352,841",
PAST SALE,September-4-2020,Condo/Co-op,11240 Chestnut Grove Sq #358,Reston,VA,20190,205000,2,1.5,CHESTNUT GROVE CONDO,1070,,1972,59.0,192,541.0,Sold,,,http://www.redfin.com/VA/Reston/11240-Chestnut-Grove-Sq-20190/unit-358/home/9239551,BRIGHT MLS,VAFX1146806,N,Y,38.9558663,-77.3331498,1604367722-143,https://www.redfin.com/city/25657/VA/Reston/filter/include=sold-3mo/page-11,,https://www.redfin.com/VA/Reston/11240-Chestnut-Grove-Sq-20190/unit-358/home/9239551,11240 Chestnut Grove Sq #358,https://ssl.cdn-redfin.com/photo/235/mbpaddedwide/806/genMid.VAFX1146806_0.jpg,"$235,114",
PAST SALE,August-4-2020,Condo/Co-op,1855 Stratford Park Pl #115,Reston,VA,20190,347000,2,2.0,STRATFORD CONDO,878,,2000,90.0,395,440.0,Sold,,,http://www.redfin.com/VA/Reston/1855-Stratford-Park-Pl-20190/unit-115/home/9832768,BRIGHT MLS,VAFX1132534,N,Y,38.957215500000004,-77.35341740000001,1604368373-321,https://www.redfin.com/city/25657/VA/Reston/filter/include=sold-3mo/page-3,,https://www.redfin.com/VA/Reston/1855-Stratford-Park-Pl-20190/unit-115/home/9832768,1855 Stratford Park Pl #115,https://ssl.cdn-redfin.com/photo/235/mbpaddedwide/534/genMid.VAFX1132534_1.jpg,"$370,622",
PAST SALE,August-10-2020,Condo/Co-op,1504-E Summerchase Ct,Reston,VA,20194,321500,2,2.0,SUMMERRIDGE CONDO,1042,,1987,84.0,309,366.0,Sold,,,http://www.redfin.com/VA/Reston/1504-Summerchase-Ct-20194/unit-1504-E/home/9140847,BRIGHT MLS,VAFX1141656,N,Y,38.978466999999995,-77.352473,1604367428-70,https://www.redfin.com/city/25657/VA/Reston/filter/include=sold-3mo/page-15,,https://www.redfin.com/VA/Reston/1504-Summerchase-Ct-20194/unit-1504-E/home/9140847,1504-E Summerchase Ct,https://ssl.cdn-redfin.com/photo/235/mbpaddedwide/656/genMid.VAFX1141656_1.jpg,"$327,761",
PAST SALE,August-10-2020,Condo/Co-op,2060 Royal Fern Ct Unit 21A,Reston,VA,20191,213000,1,1.0,SOUTHGATE CONDO,860,,1973,84.0,248,320.0,Sold,,,http://www.redfin.com/VA/Reston/2060-Royal-Fern-Ct-20191/unit-21A/home/172437698,BRIGHT MLS,VAFX1139714,N,Y,38.944873,-77.359548,1604367424-69,https://www.redfin.com/city/25657/VA/Reston/filter/include=sold-3mo/page-15,,https://www.redfin.com/VA/Reston/2060-Royal-Fern-Ct-20191/unit-21A/home/172437698,2060 Royal Fern Ct Unit 21A,https://ssl.cdn-redfin.com/photo/235/mbpaddedwide/714/genMid.VAFX1139714_1.jpg,"$221,244",
PAST SALE,October-15-2020,Condo/Co-op,2247 Castle Rock Sq Unit 22C,Reston,VA,20191,241000,3,2.0,SHADOWOOD CONDO,1029,,1974,18.0,234,559.0,Sold,,,http://www.redfin.com/VA/Reston/2247-Castle-Rock-Sq-20191/unit-22C/home/9338626,BRIGHT MLS,VAFX1142150,N,Y,38.933114,-77.3475689,1604368113-254,https://www.redfin.com/city/25657/VA/Reston/filter/include=sold-3mo/page-6,,https://www.redfin.com/VA/Reston/2247-Castle-Rock-Sq-20191/unit-22C/home/9338626,2247 Castle Rock Sq Unit 22C,https://ssl.cdn-redfin.com/photo/235/mbpaddedwide/150/genMid.VAFX1142150_2.jpg,"$249,010",
PAST SALE,September-16-2020,Condo/Co-op,1415 Northgate Sq Unit 1A,Reston,VA,20190,220000,1,1.0,NORTHGATE CONDO,748,,1971,47.0,294,428.0,Sold,,,http://www.redfin.com/VA/Reston/1415-Northgate-Sq-20190/unit-1A/home/68995155,BRIGHT MLS,VAFX1144896,N,Y,38.970321999999996,-77.334372,1604367811-168,https://www.redfin.com/city/25657/VA/Reston/filter/include=sold-3mo/page-10,,https://www.redfin.com/VA/Reston/1415-Northgate-Sq-20190/unit-1A/home/68995155,1415 Northgate Sq Unit 1A,https://ssl.cdn-redfin.com/photo/235/mbpaddedwide/896/genMid.VAFX1144896_2.jpg,"$223,998",
PAST SALE,August-14-2020,Condo/Co-op,12921 Centre Park Cir #105,Herndon,VA,20171,282500,1,1.0,BRYSON AT WOODLAND PARK,813,,2005,80.0,347,265.0,Sold,,,http://www.redfin.com/VA/Herndon/12921-Centre-Park-Cir-20171/unit-105/home/9855334,BRIGHT MLS,VAFX1141174,N,Y,38.949133,-77.3918567,1604367487-86,https://www.redfin.com/city/25657/VA/Reston/filter/include=sold-3mo/page-14,,https://www.redfin.com/VA/Herndon/12921-Centre-Park-Cir-20171/unit-105/home/9855334,12921 Centre Park Cir #105,https://ssl.cdn-redfin.com/photo/235/mbpaddedwide/174/genMid.VAFX1141174_2.jpg,"$287,437",
PAST SALE,October-14-2020,Condo/Co-op,11990 Market St #904,Reston,VA,20190,465000,2,2.0,MIDTOWN AT RESTON TOWN C,1169,,2006,19.0,398,804.0,Sold,,,http://www.redfin.com/VA/Reston/11990-Market-St-20190/unit-904/home/17112648,BRIGHT MLS,VAFX1128238,N,Y,38.9590789,-77.3610497,1604368091-247,https://www.redfin.com/city/25657/VA/Reston/filter/include=sold-3mo/page-6,,https://www.redfin.com/VA/Reston/11990-Market-St-20190/unit-904/home/17112648,11990 Market St #904,https://ssl.cdn-redfin.com/photo/235/mbpaddedwide/238/genMid.VAFX1128238_3.jpg,"$480,814",
PAST SALE,October-7-2020,Condo/Co-op,1307 Windleaf Dr #192,Reston,VA,20194,344000,2,2.0,SUTTON RIDGE CONDO,1100,,1997,26.0,313,366.0,Sold,,,http://www.redfin.com/VA/Reston/1307-Windleaf-Dr-20194/unit-192/home/9150347,BRIGHT MLS,VAFX1149920,N,Y,38.98413970000001,-77.3441628,1604368441-339,https://www.redfin.com/city/25657/VA/Reston/filter/include=sold-3mo/page-2,,https://www.redfin.com/VA/Reston/1307-Windleaf-Dr-20194/unit-192/home/9150347,1307 Windleaf Dr #192,https://ssl.cdn-redfin.com/photo/235/mbpaddedwide/920/genMid.VAFX1149920_2.jpg,"$353,450",
PAST SALE,October-9-2020,Condo/Co-op,12001 Market St #244,Reston,VA,20190,414500,2,2.0,MARKET STREET AT TOWN CE,1047,,2003,24.0,396,479.0,Sold,,,http://www.redfin.com/VA/Reston/12001-Market-St-20190/unit-244/home/9849086,BRIGHT MLS,VAFX1110162,N,Y,38.958028000000006,-77.362359,1604368070-241,https://www.redfin.com/city/25657/VA/Reston/filter/include=sold-3mo/page-7,,https://www.redfin.com/VA/Reston/12001-Market-St-20190/unit-244/home/9849086,12001 Market St #244,https://ssl.cdn-redfin.com/photo/235/mbpaddedwide/162/genMid.VAFX1110162_2.jpg,"$416,829",
PAST SALE,September-24-2020,Condo/Co-op,1716 Lake Shore Crest Dr #13,Reston,VA,20190,320000,2,1.5,EDGEWATER AT TOWN CENTER,966,,1994,39.0,331,474.0,Sold,,,http://www.redfin.com/VA/Reston/1716-Lake-Shore-Crest-Dr-20190/unit-13/home/9215227,BRIGHT MLS,VAFX1150322,N,Y,38.9650075,-77.3625541,1604367883-188,https://www.redfin.com/city/25657/VA/Reston/filter/include=sold-3mo/page-9,,https://www.redfin.com/VA/Reston/1716-Lake-Shore-Crest-Dr-20190/unit-13/home/9215227,1716 Lake Shore Crest Dr #13,https://ssl.cdn-redfin.com/photo/235/mbpaddedwide/322/genMid.VAFX1150322_3.jpg,"$325,161",
PAST SALE,October-19-2020,Condo/Co-op,12001 Market St #172,Reston,VA,20190,450000,2,2.0,MARKET STREET AT TOWN CE,1215,,2003,14.0,370,508.0,Sold,,,http://www.redfin.com/VA/Reston/12001-Market-St-20190/unit-172/home/9848447,BRIGHT MLS,VAFX1152460,N,Y,38.958028000000006,-77.362359,1604368153-265,https://www.redfin.com/city/25657/VA/Reston/filter/include=sold-3mo/page-5,,https://www.redfin.com/VA/Reston/12001-Market-St-20190/unit-172/home/9848447,12001 Market St #172,https://ssl.cdn-redfin.com/photo/235/mbpaddedwide/460/genMid.VAFX1152460_A.jpg,"$467,543",
PAST SALE,September-23-2020,Condo/Co-op,12000 Taliesin Pl #16,Reston,VA,20190,341000,2,1.5,OAK PARK CONDO AT RESTON,925,,1993,40.0,369,381.0,Sold,,,http://www.redfin.com/VA/Reston/12000-Taliesin-Pl-20190/unit-16/home/9214073,BRIGHT MLS,VAFX1147484,N,Y,38.9613516,-77.3607258,1604367874-185,https://www.redfin.com/city/25657/VA/Reston/filter/include=sold-3mo/page-9,,https://www.redfin.com/VA/Reston/12000-Taliesin-Pl-20190/unit-16/home/9214073,12000 Taliesin Pl #16,https://ssl.cdn-redfin.com/photo/235/mbpaddedwide/484/genMid.VAFX1147484_1.jpg,"$349,645",
PAST SALE,October-15-2020,Condo/Co-op,11400 Washington Plz W #1102,Reston,VA,20190,248000,1,1.0,LAKE ANNE OF RESTON COND,812,,1966,18.0,305,901.0,Sold,,,http://www.redfin.com/VA/Reston/11400-Washington-Plz-W-20190/unit-1102/home/9225690,BRIGHT MLS,VAFX1151460,N,Y,38.967822999999996,-77.34104140000001,1604368107-252,https://www.redfin.com/city/25657/VA/Reston/filter/include=sold-3mo/page-6,,https://www.redfin.com/VA/Reston/11400-Washington-Plz-W-20190/unit-1102/home/9225690,11400 Washington Plz W #1102,https://ssl.cdn-redfin.com/photo/235/mbpaddedwide/460/genMid.VAFX1151460_1.jpg,"$253,351",
PAST SALE,September-10-2020,Condo/Co-op,2313 Freetown Ct Unit 2B,Reston,VA,20191,230000,2,1.0,GLENVALE CONDO,884,,1973,53.0,260,394.0,Sold,,,http://www.redfin.com/VA/Reston/2313-Freetown-Ct-20191/unit-2B/home/167058785,BRIGHT MLS,VAFX1147424,N,Y,38.937901000000004,-77.3654387,1604367756-154,https://www.redfin.com/city/25657/VA/Reston/filter/include=sold-3mo/page-11,,https://www.redfin.com/VA/Reston/2313-Freetown-Ct-20191/unit-2B/home/167058785,2313 Freetown Ct Unit 2B,https://ssl.cdn-redfin.com/photo/235/mbpaddedwide/424/genMid.VAFX1147424_1.jpg,"$233,752",
PAST SALE,September-8-2020,Condo/Co-op,12917 Centre Park Cir #417,Herndon,VA,20171,392000,3,2.0,BRYSON AT WOODLAND PARK,1296,,2005,55.0,302,475.0,Sold,,,http://www.redfin.com/VA/Herndon/12917-Centre-Park-Cir-20171/unit-417/home/9854315,BRIGHT MLS,VAFX1138752,N,Y,38.9489765,-77.39224229999999,1604367737-148,https://www.redfin.com/city/25657/VA/Reston/filter/include=sold-3mo/page-11,,https://www.redfin.com/VA/Herndon/12917-Centre-Park-Cir-20171/unit-417/home/9854315,12917 Centre Park Cir #417,https://ssl.cdn-redfin.com/photo/235/mbpaddedwide/752/genMid.VAFX1138752_1.jpg,"$399,048",
PAST SALE,August-4-2020,Condo/Co-op,11266 Harbor Ct,Reston,VA,20191,605000,2,2.0,HARBOR POINT CONDO,1982,,1985,90.0,305,739.0,Sold,,,http://www.redfin.com/VA/Reston/11266-Harbor-Ct-20191/unit-1266/home/9356068,BRIGHT MLS,VAFX1139448,N,Y,38.9385049,-77.331544,1604367347-49,https://www.redfin.com/city/25657/VA/Reston/filter/include=sold-3mo/page-16,,https://www.redfin.com/VA/Reston/11266-Harbor-Ct-20191/unit-1266/home/9356068,11266 Harbor Ct,https://ssl.cdn-redfin.com/photo/235/mbpaddedwide/448/genMid.VAFX1139448_1.jpg,"$627,425",
PAST SALE,August-14-2020,Condo/Co-op,1623 Parkcrest Cir #300,Reston,VA,20190,305000,2,1.0,BENTANA PARK CONDO,1174,,1973,80.0,260,499.0,Sold,,,http://www.redfin.com/VA/Reston/1623-Parkcrest-Cir-20190/unit-300/home/143374843,BRIGHT MLS,VAFX1140418,N,Y,38.958856,-77.331387,1604367481-85,https://www.redfin.com/city/25657/VA/Reston/filter/include=sold-3mo/page-14,,https://www.redfin.com/VA/Reston/1623-Parkcrest-Cir-20190/unit-300/home/143374843,1623 Parkcrest Cir #300,https://ssl.cdn-redfin.com/photo/235/mbpaddedwide/418/genMid.VAFX1140418_2.jpg,"$313,365",
PAST SALE,August-6-2020,Condo/Co-op,12001 Market St Unit T53,Reston,VA,20190,380000,2,2.0,MARKET STREET AT TOWN CE,1047,,2003,88.0,363,466.0,Sold,,,http://www.redfin.com/VA/Reston/12001-Market-St-20190/unit-T53/home/9853886,BRIGHT MLS,VAFX1137496,N,Y,38.958028000000006,-77.362359,1604367365-54,https://www.redfin.com/city/25657/VA/Reston/filter/include=sold-3mo/page-16,,https://www.redfin.com/VA/Reston/12001-Market-St-20190/unit-T53/home/9853886,12001 Market St Unit T53,https://ssl.cdn-redfin.com/photo/235/mbpaddedwide/496/genMid.VAFX1137496_1.jpg,"$395,293",
PAST SALE,August-12-2020,Condo/Co-op,11760 Sunrise Valley Dr #509,Reston,VA,20191,271000,1,1.0,MERCER A CONDO,664,,2006,82.0,408,434.0,Sold,,,http://www.redfin.com/VA/Reston/11760-Sunrise-Valley-Dr-20191/unit-509/home/12074764,BRIGHT MLS,VAFX1138564,N,Y,38.9497211,-77.3522835,1604367445-75,https://www.redfin.com/city/25657/VA/Reston/filter/include=sold-3mo/page-15,,https://www.redfin.com/VA/Reston/11760-Sunrise-Valley-Dr-20191/unit-509/home/12074764,11760 Sunrise Valley Dr #509,https://ssl.cdn-redfin.com/photo/235/mbpaddedwide/564/genMid.VAFX1138564_2.jpg,"$278,541",
PAST SALE,August-28-2020,Condo/Co-op,12000 Market St #153,Reston,VA,20190,430000,2,2.0,SAVOY AT RESTON TOWN CEN,1060,,2004,66.0,406,445.0,Sold,,,http://www.redfin.com/VA/Reston/12000-Market-St-20190/unit-153/home/9848724,BRIGHT MLS,VAFX1140340,N,Y,38.960273799999996,-77.3628027,1604367639-121,https://www.redfin.com/city/25657/VA/Reston/filter/include=sold-3mo/page-12,,https://www.redfin.com/VA/Reston/12000-Market-St-20190/unit-153/home/9848724,12000 Market St #153,https://ssl.cdn-redfin.com/photo/235/mbpaddedwide/340/genMid.VAFX1140340_1.jpg,"$445,503",
PAST SALE,October-9-2020,Condo/Co-op,11625 Vantage Hill Rd Unit 1C,Reston,VA,20190,250000,3,2.0,VANTAGE HILL CONDO,1353,,1967,24.0,185,774.0,Sold,,,http://www.redfin.com/VA/Reston/11625-Vantage-Hill-Rd-20190/unit-1C/home/9231341,BRIGHT MLS,VAFX1146518,N,Y,38.966126,-77.348393,1604368073-242,https://www.redfin.com/city/25657/VA/Reston/filter/include=sold-3mo/page-7,,https://www.redfin.com/VA/Reston/11625-Vantage-Hill-Rd-20190/unit-1C/home/9231341,11625 Vantage Hill Rd Unit 1C,https://ssl.cdn-redfin.com/photo/235/mbpaddedwide/518/genMid.VAFX1146518_2.jpg,"$282,166",
PAST SALE,September-30-2020,Condo/Co-op,11990 Market St #908,Reston,VA,20190,402500,1,1.0,MIDTOWN AT RESTON TOWN C,833,,2006,33.0,483,577.0,Sold,,,http://www.redfin.com/VA/Reston/11990-Market-St-20190/unit-908/home/12073170,BRIGHT MLS,VAFX1144328,N,Y,38.9590789,-77.3610497,1604367965-210,https://www.redfin.com/city/25657/VA/Reston/filter/include=sold-3mo/page-8,,https://www.redfin.com/VA/Reston/11990-Market-St-20190/unit-908/home/12073170,11990 Market St #908,https://ssl.cdn-redfin.com/photo/235/mbpaddedwide/328/genMid.VAFX1144328_3.jpg,"$411,373",
PAST SALE,September-1-2020,Condo/Co-op,1441 Northgate Sq Unit 21B,Reston,VA,20190,225000,2,2.0,NORTHGATE CONDO,986,,1971,62.0,228,470.0,Sold,,,http://www.redfin.com/VA/Reston/1441-Northgate-Sq-20190/unit-21B/home/9229076,BRIGHT MLS,VAFX1140750,N,Y,38.971216,-77.33506700000001,1604367690-135,https://www.redfin.com/city/25657/VA/Reston/filter/include=sold-3mo/page-12,,https://www.redfin.com/VA/Reston/1441-Northgate-Sq-20190/unit-21B/home/9229076,1441 Northgate Sq Unit 21B,https://ssl.cdn-redfin.com/photo/235/mbpaddedwide/750/genMid.VAFX1140750_4.jpg,"$275,412",
PAST SALE,October-23-2020,Condo/Co-op,11649 Stoneview Sq Unit 1B,Reston,VA,20191,195000,2,2.0,SHADOWOOD,894,,1974,10.0,218,502.0,Sold,,,http://www.redfin.com/VA/Reston/11649-Stoneview-Sq-20191/unit-1B/home/173193929,BRIGHT MLS,VAFX1155450,N,Y,38.9319336,-77.34890809999999,1604368212-282,https://www.redfin.com/city/25657/VA/Reston/filter/include=sold-3mo/page-5,,https://www.redfin.com/VA/Reston/11649-Stoneview-Sq-20191/unit-1B/home/173193929,11649 Stoneview Sq Unit 1B,https://ssl.cdn-redfin.com/photo/235/mbpaddedwide/450/genMid.VAFX1155450_1.jpg,"$226,663",
PAST SALE,August-21-2020,Condo/Co-op,11990 Market St #217,Reston,VA,20190,675000,3,2.0,MIDTOWN AT RESTON TOWN C,1619,,2006,73.0,417,1123.0,Sold,,,http://www.redfin.com/VA/Reston/11990-Market-St-20190/unit-217/home/17112671,BRIGHT MLS,VAFX1140556,N,Y,38.9590789,-77.3610497,1604367584-106,https://www.redfin.com/city/25657/VA/Reston/filter/include=sold-3mo/page-13,,https://www.redfin.com/VA/Reston/11990-Market-St-20190/unit-217/home/17112671,11990 Market St #217,https://ssl.cdn-redfin.com/photo/235/mbpaddedwide/556/genMid.VAFX1140556_3.jpg,"$719,120",
PAST SALE,September-10-2020,Condo/Co-op,1706 Ascot Way Unit B,Reston,VA,20190,224000,1,1.0,PARCRESTON CONDO,690,,1985,53.0,325,336.0,Sold,,,http://www.redfin.com/VA/Reston/1706-Ascot-Way-20190/unit-B/home/9854563,BRIGHT MLS,VAFX1136130,N,Y,38.9634602,-77.352234,1604367760-155,https://www.redfin.com/city/25657/VA/Reston/filter/include=sold-3mo/page-11,,https://www.redfin.com/VA/Reston/1706-Ascot-Way-20190/unit-B/home/9854563,1706 Ascot Way Unit B,https://ssl.cdn-redfin.com/photo/235/mbpaddedwide/130/genMid.VAFX1136130_4.jpg,"$238,031",
PAST SALE,September-23-2020,Condo/Co-op,12001 Market St #274,Reston,VA,20190,525000,3,2.0,MARKET STREET AT TOWN CE,1483,,2003,40.0,354,693.0,Sold,,,http://www.redfin.com/VA/Reston/12001-Market-St-20190/unit-274/home/9849099,BRIGHT MLS,VAFX1143512,N,Y,38.958028000000006,-77.362359,1604367870-184,https://www.redfin.com/city/25657/VA/Reston/filter/include=sold-3mo/page-9,,https://www.redfin.com/VA/Reston/12001-Market-St-20190/unit-274/home/9849099,12001 Market St #274,https://ssl.cdn-redfin.com/photo/235/mbpaddedwide/512/genMid.VAFX1143512_1.jpg,"$548,646",
PAST SALE,September-30-2020,Condo/Co-op,11604 Vantage Hill Rd Unit 21-B,Reston,VA,20190,228000,2,1.5,VANTAGE HILL CONDO,998,,1967,33.0,228,527.0,Sold,,,http://www.redfin.com/VA/Reston/11604-Vantage-Hill-Rd-20190/unit-21B/home/9230592,BRIGHT MLS,VAFX1145250,N,Y,38.967805,-77.34714090000001,1604367969-211,https://www.redfin.com/city/25657/VA/Reston/filter/include=sold-3mo/page-8,,https://www.redfin.com/VA/Reston/11604-Vantage-Hill-Rd-20190/unit-21B/home/9230592,11604 Vantage Hill Rd Unit 21-B,https://ssl.cdn-redfin.com/photo/235/mbpaddedwide/250/genMid.VAFX1145250_1.jpg,"$264,219",
PAST SALE,August-20-2020,Condo/Co-op,11603 Vantage Hill Rd Unit 2C,Reston,VA,20190,260000,3,2.0,VANTAGE HILL CONDO,1353,,1967,74.0,192,774.0,Sold,,,http://www.redfin.com/VA/Reston/11603-Vantage-Hill-Rd-20190/unit-2C/home/9230542,BRIGHT MLS,VAFX1132572,N,Y,38.96763,-77.346163,1604367542-99,https://www.redfin.com/city/25657/VA/Reston/filter/include=sold-3mo/page-13,,https://www.redfin.com/VA/Reston/11603-Vantage-Hill-Rd-20190/unit-2C/home/9230542,11603 Vantage Hill Rd Unit 2C,https://ssl.cdn-redfin.com/photo/235/mbpaddedwide/572/genMid.VAFX1132572_1.jpg,"$299,937",
PAST SALE,October-9-2020,Condo/Co-op,12000 Market St #264,Reston,VA,20190,290000,1,1.0,SAVOY AT RESTON TOWN CEN,754,,2004,24.0,385,364.0,Sold,,,http://www.redfin.com/VA/Reston/12000-Market-St-20190/unit-264/home/9850647,BRIGHT MLS,VAFX1148306,N,Y,38.960273799999996,-77.3628027,1604368062-238,https://www.redfin.com/city/25657/VA/Reston/filter/include=sold-3mo/page-7,,https://www.redfin.com/VA/Reston/12000-Market-St-20190/unit-264/home/9850647,12000 Market St #264,https://ssl.cdn-redfin.com/photo/235/mbpaddedwide/306/genMid.VAFX1148306_1.jpg,"$297,895",
PAST SALE,October-7-2020,Condo/Co-op,11990 Market St #1411,Reston,VA,20190,700000,2,2.0,MIDTOWN AT RESTON TOWN C,1523,,2006,26.0,460,1058.0,Sold,,,http://www.redfin.com/VA/Reston/11990-Market-St-20190/unit-1411/home/12074568,BRIGHT MLS,VAFX1146726,N,Y,38.9590789,-77.3610497,1604368042-232,https://www.redfin.com/city/25657/VA/Reston/filter/include=sold-3mo/page-7,,https://www.redfin.com/VA/Reston/11990-Market-St-20190/unit-1411/home/12074568,11990 Market St #1411,https://ssl.cdn-redfin.com/photo/235/mbpaddedwide/726/genMid.VAFX1146726_2.jpg,"$709,370",
PAST SALE,August-12-2020,Condo/Co-op,1519 N Point Dr #304,Reston,VA,20194,340000,2,2.0,NORTH POINT VILLAS CONDO,1191,,1999,82.0,285,433.0,Sold,,,http://www.redfin.com/VA/Reston/1519-N-Point-Dr-20194/unit-304/home/168028922,BRIGHT MLS,VAFX1140254,N,Y,38.9795971,-77.3513755,1604367441-74,https://www.redfin.com/city/25657/VA/Reston/filter/include=sold-3mo/page-15,,https://www.redfin.com/VA/Reston/1519-N-Point-Dr-20194/unit-304/home/168028922,1519 N Point Dr #304,https://ssl.cdn-redfin.com/photo/235/mbpaddedwide/254/genMid.VAFX1140254_1.jpg,"$348,694",
PAST SALE,October-29-2020,Condo/Co-op,1574 Moorings Dr Unit 12B,Reston,VA,20190,260000,2,1.5,LAKEVIEW,1014,,1972,4.0,256,586.0,Sold,,,http://www.redfin.com/VA/Reston/1574-Moorings-Dr-20190/unit-12B/home/166913730,BRIGHT MLS,VAFX1155156,N,Y,38.966704,-77.337652,1604368328-308,https://www.redfin.com/city/25657/VA/Reston/filter/include=sold-3mo/page-3,,https://www.redfin.com/VA/Reston/1574-Moorings-Dr-20190/unit-12B/home/166913730,1574 Moorings Dr Unit 12B,https://ssl.cdn-redfin.com/photo/235/mbpaddedwide/156/genMid.VAFX1155156_3.jpg,"$250,082",
PAST SALE,September-25-2020,Condo/Co-op,11711-A Summerchase Cir Unit 1711-A,Reston,VA,20194,294000,2,1.0,SUMMERRIDGE CONDO,952,,1987,38.0,309,364.0,Sold,,,http://www.redfin.com/VA/Reston/11711-Summerchase-Cir-20194/unit-1711A/home/143654214,BRIGHT MLS,VAFX1142268,N,Y,38.979894,-77.35274100000001,1604367898-192,https://www.redfin.com/city/25657/VA/Reston/filter/include=sold-3mo/page-9,,https://www.redfin.com/VA/Reston/11711-Summerchase-Cir-20194/unit-1711A/home/143654214,11711-A Summerchase Cir Unit 1711-A,https://ssl.cdn-redfin.com/photo/235/mbpaddedwide/268/genMid.VAFX1142268_2.jpg,"$301,599",
PAST SALE,October-30-2020,Condo/Co-op,1540 Moorings Dr Unit 12B,Reston,VA,20190,332000,2,2.0,LAKEVIEW,1014,,1972,3.0,327,527.0,Sold,,,http://www.redfin.com/VA/Reston/1540-Moorings-Dr-20190/unit-12B/home/9224612,BRIGHT MLS,VAFX1155512,N,Y,38.967048,-77.33935,1604368359-317,https://www.redfin.com/city/25657/VA/Reston/filter/include=sold-3mo/page-3,,https://www.redfin.com/VA/Reston/1540-Moorings-Dr-20190/unit-12B/home/9224612,1540 Moorings Dr Unit 12B,https://ssl.cdn-redfin.com/photo/235/mbpaddedwide/512/genMid.VAFX1155512_1.jpg,"$325,675",
PAST SALE,August-31-2020,Condo/Co-op,2112 Green Watch Way #100,Reston,VA,20191,300000,2,2.0,WOODWINDS CONDO,1220,,1974,63.0,246,466.0,Sold,,,http://www.redfin.com/VA/Reston/2112-Green-Watch-Way-20191/unit-100/home/101695935,BRIGHT MLS,VAFX1137752,N,Y,38.9356805,-77.34720329999999,1604367677-131,https://www.redfin.com/city/25657/VA/Reston/filter/include=sold-3mo/page-12,,https://www.redfin.com/VA/Reston/2112-Green-Watch-Way-20191/unit-100/home/101695935,2112 Green Watch Way #100,https://ssl.cdn-redfin.com/photo/235/mbpaddedwide/752/genMid.VAFX1137752_1.jpg,"$321,414",
PAST SALE,October-28-2020,Condo/Co-op,11604 Stoneview Sq Unit 1B,Reston,VA,20191,210000,2,2.0,SHADOWOOD CONDO,894,,1974,5.0,235,509.0,Sold,,,http://www.redfin.com/VA/Reston/11604-Stoneview-Sq-20191/unit-1B/home/110063496,BRIGHT MLS,VAFX1154614,N,Y,38.932786,-77.347849,1604368286-298,https://www.redfin.com/city/25657/VA/Reston/filter/include=sold-3mo/page-4,,https://www.redfin.com/VA/Reston/11604-Stoneview-Sq-20191/unit-1B/home/110063496,11604 Stoneview Sq Unit 1B,https://ssl.cdn-redfin.com/photo/235/mbpaddedwide/614/genMid.VAFX1154614_2.jpg,"$199,999",
PAST SALE,September-28-2020,Condo/Co-op,1851 Stratford Park Pl #103,Reston,VA,20190,425000,2,2.0,STRATFORD CONDO,1172,,2002,35.0,363,525.0,Sold,,,http://www.redfin.com/VA/Reston/1851-Stratford-Park-Pl-20190/unit-103/home/9838024,BRIGHT MLS,VAFX1147196,N,Y,38.9580435,-77.35307979999999,1604367915-197,https://www.redfin.com/city/25657/VA/Reston/filter/include=sold-3mo/page-9,,https://www.redfin.com/VA/Reston/1851-Stratford-Park-Pl-20190/unit-103/home/9838024,1851 Stratford Park Pl #103,https://ssl.cdn-redfin.com/photo/235/mbpaddedwide/196/genMid.VAFX1147196_2.jpg,"$430,738",
PAST SALE,September-24-2020,Condo/Co-op,11990 Market St #102,Reston,VA,20190,421000,1,2.0,MIDTOWN AT RESTON TOWN C,910,,2006,39.0,463,629.0,Sold,,,http://www.redfin.com/VA/Reston/11990-Market-St-20190/unit-102/home/12073143,BRIGHT MLS,VAFX1132282,N,Y,38.9590789,-77.3610497,1604367877-186,https://www.redfin.com/city/25657/VA/Reston/filter/include=sold-3mo/page-9,,https://www.redfin.com/VA/Reston/11990-Market-St-20190/unit-102/home/12073143,11990 Market St #102,https://ssl.cdn-redfin.com/photo/235/mbpaddedwide/282/genMid.VAFX1132282_4.jpg,"$435,370",
PAST SALE,October-20-2020,Condo/Co-op,12001 Market St #160,Reston,VA,20190,482000,2,2.0,MARKET STREET AT TOWN CE,1208,,2003,13.0,399,508.0,Sold,,,http://www.redfin.com/VA/Reston/12001-Market-St-20190/unit-160/home/9849050,BRIGHT MLS,VAFX1154488,N,Y,38.958028000000006,-77.362359,1604368174-271,https://www.redfin.com/city/25657/VA/Reston/filter/include=sold-3mo/page-5,,https://www.redfin.com/VA/Reston/12001-Market-St-20190/unit-160/home/9849050,12001 Market St #160,https://ssl.cdn-redfin.com/photo/235/mbpaddedwide/488/genMid.VAFX1154488_2.jpg,"$491,502",
PAST SALE,September-18-2020,Condo/Co-op,11729 Ledura Ct Unit T1,Reston,VA,20191,305000,2,2.0,SPRINGWOOD,1125,,1977,45.0,271,421.0,Sold,,,http://www.redfin.com/VA/Reston/11729-Ledura-Ct-20191/unit-T1/home/9342519,BRIGHT MLS,VAFX1142846,N,Y,38.9353516,-77.3510318,1604367842-177,https://www.redfin.com/city/25657/VA/Reston/filter/include=sold-3mo/page-10,,https://www.redfin.com/VA/Reston/11729-Ledura-Ct-20191/unit-T1/home/9342519,11729 Ledura Ct Unit T1,https://ssl.cdn-redfin.com/photo/235/mbpaddedwide/846/genMid.VAFX1142846_3.jpg,"$311,405",
PAST SALE,September-9-2020,Condo/Co-op,12000 Market St #202,Reston,VA,20190,535000,3,2.0,SAVOY AT RESTON TWN CNTR,1483,,2004,54.0,361,567.0,Sold,,,http://www.redfin.com/VA/Reston/12000-Market-St-20190/unit-202/home/9848753,BRIGHT MLS,VAFX1139294,N,Y,38.960273799999996,-77.3628027,1604367743-150,https://www.redfin.com/city/25657/VA/Reston/filter/include=sold-3mo/page-11,,https://www.redfin.com/VA/Reston/12000-Market-St-20190/unit-202/home/9848753,12000 Market St #202,https://ssl.cdn-redfin.com/photo/235/mbpaddedwide/294/genMid.VAFX1139294_1.jpg,"$543,307",
PAST SALE,October-26-2020,Condo/Co-op,12905 Centre Park Cir #310,Herndon,VA,20171,370000,3,2.0,BRYSON AT WOODLAND PARK,1196,,2005,7.0,309,454.0,Sold,,,http://www.redfin.com/VA/Herndon/12905-Centre-Park-Cir-20171/unit-310/home/9855363,BRIGHT MLS,VAFX1157224,N,Y,38.94939829999999,-77.39305999999999,1604368231-286,https://www.redfin.com/city/25657/VA/Reston/filter/include=sold-3mo/page-4,,https://www.redfin.com/VA/Herndon/12905-Centre-Park-Cir-20171/unit-310/home/9855363,12905 Centre Park Cir #310,https://ssl.cdn-redfin.com/photo/235/mbpaddedwide/224/genMid.VAFX1157224_1.jpg,"$355,873",
PAST SALE,August-26-2020,Condo/Co-op,12165 Abington Hall Pl #302,Reston,VA,20190,445000,3,2.0,MADISON PARK AT,1336,,2000,68.0,333,400.0,Sold,,,http://www.redfin.com/VA/Reston/12165-Abington-Hall-Pl-20190/unit-302/home/9832681,BRIGHT MLS,VAFX1137038,N,Y,38.9599506,-77.36623420000001,1604367596-110,https://www.redfin.com/city/25657/VA/Reston/filter/include=sold-3mo/page-13,,https://www.redfin.com/VA/Reston/12165-Abington-Hall-Pl-20190/unit-302/home/9832681,12165 Abington Hall Pl #302,https://ssl.cdn-redfin.com/photo/235/mbpaddedwide/038/genMid.VAFX1137038_1.jpg,"$459,465",
PAST SALE,September-4-2020,Condo/Co-op,12000 Market St #417,Reston,VA,20190,357500,1,1.0,SAVOY AT RESTON TOWN CEN,873,,2004,59.0,410,405.0,Sold,,,http://www.redfin.com/VA/Reston/12000-Market-St-20190/unit-417/home/9848897,BRIGHT MLS,VAFX1140178,N,Y,38.960273799999996,-77.3628027,1604367715-141,https://www.redfin.com/city/25657/VA/Reston/filter/include=sold-3mo/page-11,,https://www.redfin.com/VA/Reston/12000-Market-St-20190/unit-417/home/9848897,12000 Market St #417,https://ssl.cdn-redfin.com/photo/235/mbpaddedwide/178/genMid.VAFX1140178_4.jpg,"$363,298",
PAST SALE,September-25-2020,Condo/Co-op,11760 Sunrise Valley Dr #805,Reston,VA,20191,274900,1,1.0,MERCER A CONDO,690,,2006,38.0,398,434.0,Sold,,,http://www.redfin.com/VA/Reston/11760-Sunrise-Valley-Dr-20191/unit-805/home/17112638,BRIGHT MLS,VAFX1144006,N,Y,38.9497211,-77.3522835,1604367903-193,https://www.redfin.com/city/25657/VA/Reston/filter/include=sold-3mo/page-9,,https://www.redfin.com/VA/Reston/11760-Sunrise-Valley-Dr-20191/unit-805/home/17112638,11760 Sunrise Valley Dr #805,https://ssl.cdn-redfin.com/photo/235/mbpaddedwide/006/genMid.VAFX1144006_2.jpg,"$278,703",
PAST SALE,August-12-2020,Condo/Co-op,1951 Sagewood Ln #18,Reston,VA,20191,135000,1,1.0,THOREAU PLACE CONDO,657,,1985,82.0,205,561.0,Sold,,,http://www.redfin.com/VA/Reston/1951-Sagewood-Ln-20191/unit-18/home/9357511,BRIGHT MLS,VAFX1112182,N,Y,38.9399294,-77.3279226,1604367439-73,https://www.redfin.com/city/25657/VA/Reston/filter/include=sold-3mo/page-15,,https://www.redfin.com/VA/Reston/1951-Sagewood-Ln-20191/unit-18/home/9357511,1951 Sagewood Ln #18,https://ssl.cdn-redfin.com/photo/235/mbpaddedwide/182/genMid.VAFX1112182_3.jpg,"$146,975",
PAST SALE,August-12-2020,Condo/Co-op,1951 Sagewood Ln #315,Reston,VA,20191,189000,2,2.0,THOREAU PLACE CONDO,1014,,1985,82.0,186,835.0,Sold,,,http://www.redfin.com/VA/Reston/1951-Sagewood-Ln-20191/unit-315/home/9357780,BRIGHT MLS,VAFX1130762,N,Y,38.9399294,-77.3279226,1604367435-72,https://www.redfin.com/city/25657/VA/Reston/filter/include=sold-3mo/page-15,,https://www.redfin.com/VA/Reston/1951-Sagewood-Ln-20191/unit-315/home/9357780,1951 Sagewood Ln #315,https://ssl.cdn-redfin.com/photo/235/mbpaddedwide/762/genMid.VAFX1130762_1.jpg,"$197,926",
PAST SALE,September-30-2020,Condo/Co-op,1984-A Villaridge Dr,Reston,VA,20191,305000,2,1.0,VILLARIDGE CONDO,990,,1986,33.0,308,386.0,Sold,,,http://www.redfin.com/VA/Reston/1984A-Villaridge-Dr-20191/home/172976309,BRIGHT MLS,VAFX1151478,N,Y,38.9386297,-77.32846590000001,1604367954-207,https://www.redfin.com/city/25657/VA/Reston/filter/include=sold-3mo/page-8,,https://www.redfin.com/VA/Reston/1984A-Villaridge-Dr-20191/home/172976309,1984-A Villaridge Dr,https://ssl.cdn-redfin.com/photo/235/mbpaddedwide/478/genMid.VAFX1151478_1.jpg,"$308,785",
PAST SALE,October-23-2020,Condo/Co-op,11196 Beaver Trail Ct,Reston,VA,20191,277000,1,1.0,NANTUCKET AT RESTON COND,951,,1985,10.0,291,431.0,Sold,,,http://www.redfin.com/VA/Reston/11196-Beaver-Trail-Ct-20191/home/9357426,BRIGHT MLS,VAFX1147092,N,Y,38.933599,-77.329999,1604368199-279,https://www.redfin.com/city/25657/VA/Reston/filter/include=sold-3mo/page-5,,https://www.redfin.com/VA/Reston/11196-Beaver-Trail-Ct-20191/home/9357426,11196 Beaver Trail Ct,https://ssl.cdn-redfin.com/photo/235/mbpaddedwide/092/genMid.VAFX1147092_2.jpg,"$289,223",
PAST SALE,September-7-2020,Condo/Co-op,12025 New Dominion Pkwy #306,Reston,VA,20190,408500,1,1.0,MIDTOWN NORTH CONDO,1008,,2007,56.0,405,687.0,Sold,,,http://www.redfin.com/VA/Reston/12025-New-Dominion-Pkwy-20190/unit-306/home/17111615,BRIGHT MLS,VAFX1130910,N,Y,38.960351700000004,-77.3608333,1604367727-145,https://www.redfin.com/city/25657/VA/Reston/filter/include=sold-3mo/page-11,,https://www.redfin.com/VA/Reston/12025-New-Dominion-Pkwy-20190/unit-306/home/17111615,12025 New Dominion Pkwy #306,https://ssl.cdn-redfin.com/photo/235/mbpaddedwide/910/genMid.VAFX1130910_2.jpg,"$431,599",
PAST SALE,October-9-2020,Condo/Co-op,2312 Freetown Ct Unit 1B,Reston,VA,20191,225500,2,1.0,GLENVALE,884,,1973,24.0,255,385.0,Sold,,,http://www.redfin.com/VA/Reston/2312-Freetown-Ct-20191/unit-1B/home/156144713,BRIGHT MLS,VAFX1151964,N,Y,38.9380045,-77.3662241,1604368055-236,https://www.redfin.com/city/25657/VA/Reston/filter/include=sold-3mo/page-7,,https://www.redfin.com/VA/Reston/2312-Freetown-Ct-20191/unit-1B/home/156144713,2312 Freetown Ct Unit 1B,https://ssl.cdn-redfin.com/photo/235/mbpaddedwide/964/genMid.VAFX1151964_3.jpg,"$233,206",
PAST SALE,August-7-2020,Condo/Co-op,11406 Washington Plz W,Reston,VA,20190,310000,2,1.0,LAKE ANNE OF RESTON COND,1026,,1966,87.0,302,1084.0,Sold,,,http://www.redfin.com/VA/Reston/11406-Washington-Plz-W-20190/home/9226185,BRIGHT MLS,VAFX1133152,N,Y,38.968274,-77.341173,1604367397-61,https://www.redfin.com/city/25657/VA/Reston/filter/include=sold-3mo/page-15,,https://www.redfin.com/VA/Reston/11406-Washington-Plz-W-20190/home/9226185,11406 Washington Plz W,https://ssl.cdn-redfin.com/photo/235/mbpaddedwide/152/genMid.VAFX1133152_1.jpg,"$326,141",
PAST SALE,October-6-2020,Condo/Co-op,1902-A Villaridge Dr,Reston,VA,20191,255000,1,1.0,VILLARIDGE CONDO,840,,1985,27.0,304,399.0,Sold,,,http://www.redfin.com/VA/Reston/1902A-Villaridge-Dr-20191/unit-A/home/113382458,BRIGHT MLS,VAFX1150568,N,Y,38.938114,-77.326378,1604368039-231,https://www.redfin.com/city/25657/VA/Reston/filter/include=sold-3mo/page-7,,https://www.redfin.com/VA/Reston/1902A-Villaridge-Dr-20191/unit-A/home/113382458,1902-A Villaridge Dr,https://ssl.cdn-redfin.com/photo/235/mbpaddedwide/568/genMid.VAFX1150568_2.jpg,"$258,414",
PAST SALE,October-2-2020,Condo/Co-op,11821 Breton Ct Unit 22D,Reston,VA,20191,250000,2,1.0,HUNTERS WOODS VILLAGE CO,1073,,1972,31.0,233,399.0,Sold,,,http://www.redfin.com/VA/Reston/11821-Breton-Ct-20191/unit-22D/home/9332132,BRIGHT MLS,VAFX1146400,N,Y,38.934931899999995,-77.360325,1604368007-222,https://www.redfin.com/city/25657/VA/Reston/filter/include=sold-3mo/page-8,,https://www.redfin.com/VA/Reston/11821-Breton-Ct-20191/unit-22D/home/9332132,11821 Breton Ct Unit 22D,https://ssl.cdn-redfin.com/photo/235/mbpaddedwide/400/genMid.VAFX1146400_3.jpg,"$252,154",
PAST SALE,October-5-2020,Condo/Co-op,12945 Centre Park Cir #412,Herndon,VA,20171,323000,2,2.0,BRYSON AT WOODLAND PARK,1031,,2005,28.0,313,405.0,Sold,,,http://www.redfin.com/VA/Herndon/12945-Centre-Park-Cir-20171/unit-412/home/12074359,BRIGHT MLS,VAFX1151564,N,Y,38.950337100000006,-77.3911444,1604368026-227,https://www.redfin.com/city/25657/VA/Reston/filter/include=sold-3mo/page-7,,https://www.redfin.com/VA/Herndon/12945-Centre-Park-Cir-20171/unit-412/home/12074359,12945 Centre Park Cir #412,https://ssl.cdn-redfin.com/photo/235/mbpaddedwide/564/genMid.VAFX1151564_2.jpg,"$323,831",
PAST SALE,October-26-2020,Condo/Co-op,11611 Stoneview Sq Unit 11C,Reston,VA,20191,239000,3,2.0,SHADOWOOD CONDO,1029,,1974,7.0,232,559.0,Sold,,,http://www.redfin.com/VA/Reston/11611-Stoneview-Sq-20191/unit-11C/home/147066462,BRIGHT MLS,VAFX1130636,N,Y,38.931585,-77.347334,1604368219-284,https://www.redfin.com/city/25657/VA/Reston/filter/include=sold-3mo/page-5,,https://www.redfin.com/VA/Reston/11611-Stoneview-Sq-20191/unit-11C/home/147066462,11611 Stoneview Sq Unit 11C,https://ssl.cdn-redfin.com/photo/235/mbpaddedwide/636/genMid.VAFX1130636_4.jpg,"$252,318",
PAST SALE,September-25-2020,Condo/Co-op,2217-L Lovedale Ln Unit 211A,Reston,VA,20191,374000,2,1.0,BRISTOL HOUSE CONDO,1402,,1986,38.0,267,399.0,Sold,,,http://www.redfin.com/VA/Reston/2217L-Lovedale-Ln-20191/unit-211A/home/52309768,BRIGHT MLS,VAFX1148418,N,Y,38.934126899999995,-77.350302,1604367895-191,https://www.redfin.com/city/25657/VA/Reston/filter/include=sold-3mo/page-9,,https://www.redfin.com/VA/Reston/2217L-Lovedale-Ln-20191/unit-211A/home/52309768,2217-L Lovedale Ln Unit 211A,https://ssl.cdn-redfin.com/photo/235/mbpaddedwide/418/genMid.VAFX1148418_4.jpg,"$378,955",
PAST SALE,October-29-2020,Condo/Co-op,2116 Green Watch Way #200,Reston,VA,20191,315000,2,2.0,WOODWINDS CONDO,1141,,1974,4.0,276,440.0,Sold,,,http://www.redfin.com/VA/Reston/2116-Green-Watch-Way-20191/unit-200/home/173379142,BRIGHT MLS,VAFX1160668,N,Y,38.9354593,-77.347595,1604368309-305,https://www.redfin.com/city/25657/VA/Reston/filter/include=sold-3mo/page-4,,https://www.redfin.com/VA/Reston/2116-Green-Watch-Way-20191/unit-200/home/173379142,2116 Green Watch Way #200,https://ssl.cdn-redfin.com/photo/235/mbpaddedwide/668/genMid.VAFX1160668_3.jpg,"$309,874",
PAST SALE,September-16-2020,Condo/Co-op,2237-C Lovedale Ln Unit 408B,Reston,VA,20191,330000,2,2.0,BRISTOL HOUSE CONDO,1232,,1986,47.0,268,399.0,Sold,,,http://www.redfin.com/VA/Reston/2237-Lovedale-Ln-20191/unit-408B/home/9345084,BRIGHT MLS,VAFX1145208,N,Y,38.933115,-77.35067099999999,1604367807-167,https://www.redfin.com/city/25657/VA/Reston/filter/include=sold-3mo/page-10,,https://www.redfin.com/VA/Reston/2237-Lovedale-Ln-20191/unit-408B/home/9345084,2237-C Lovedale Ln Unit 408B,https://ssl.cdn-redfin.com/photo/235/mbpaddedwide/208/genMid.VAFX1145208_2.jpg,"$336,831",
PAST SALE,September-14-2020,Condo/Co-op,1405 Northgate Sq Unit 21C,Reston,VA,20190,281199,3,2.0,NORTHGATE CONDO,1234,,1971,49.0,228,520.0,Sold,,,http://www.redfin.com/VA/Reston/1405-Northgate-Sq-20190/unit-21C/home/105531925,BRIGHT MLS,VAFX1127944,N,Y,38.970715000000006,-77.335358,1604368412-332,https://www.redfin.com/city/25657/VA/Reston/filter/include=sold-3mo/page-2,,https://www.redfin.com/VA/Reston/1405-Northgate-Sq-20190/unit-21C/home/105531925,1405 Northgate Sq Unit 21C,https://ssl.cdn-redfin.com/photo/235/mbpaddedwide/944/genMid.VAFX1127944_1.jpg,"$321,033",
PAST SALE,August-31-2020,Condo/Co-op,11713-D Summerchase Cir Unit 1713-D,Reston,VA,20194,318000,2,2.0,SUMMERRIDGE CONDO,1042,,1987,63.0,305,364.0,Sold,,,http://www.redfin.com/VA/Reston/11713-Summerchase-Cir-20194/unit-1713-D/home/144039461,BRIGHT MLS,VAFX1128712,N,Y,38.979620000000004,-77.35263499999999,1604367673-130,https://www.redfin.com/city/25657/VA/Reston/filter/include=sold-3mo/page-12,,https://www.redfin.com/VA/Reston/11713-Summerchase-Cir-20194/unit-1713-D/home/144039461,11713-D Summerchase Cir Unit 1713-D,https://ssl.cdn-redfin.com/photo/235/mbpaddedwide/712/genMid.VAFX1128712_1.jpg,"$325,994",
PAST SALE,September-10-2020,Condo/Co-op,11401 Gate Hill Pl Unit 68 (E),Reston,VA,20194,425000,2,2.0,SUTTON RIDGE CONDO,1360,,1997,53.0,313,310.0,Sold,,,http://www.redfin.com/VA/Reston/11401-Gate-Hill-Pl-20194/unit-68/home/9149524,BRIGHT MLS,VAFX1142412,N,Y,38.9849966,-77.3417775,1604367753-153,https://www.redfin.com/city/25657/VA/Reston/filter/include=sold-3mo/page-11,,https://www.redfin.com/VA/Reston/11401-Gate-Hill-Pl-20194/unit-68/home/9149524,11401 Gate Hill Pl Unit 68 (E),https://ssl.cdn-redfin.com/photo/235/mbpaddedwide/412/genMid.VAFX1142412_3.jpg,"$430,559",
PAST SALE,August-14-2020,Condo/Co-op,11318 Sundial Ct #813,Reston,VA,20194,280000,2,1.0,BALDWIN GROVE CONDO,788,,1995,80.0,355,348.0,Sold,,,http://www.redfin.com/VA/Reston/11318-Sundial-Ct-20194/unit-813/home/9147902,BRIGHT MLS,VAFX1122586,N,Y,38.9820761,-77.3380215,1604368377-322,https://www.redfin.com/city/25657/VA/Reston/filter/include=sold-3mo/page-3,,https://www.redfin.com/VA/Reston/11318-Sundial-Ct-20194/unit-813/home/9147902,11318 Sundial Ct #813,https://ssl.cdn-redfin.com/photo/235/mbpaddedwide/586/genMid.VAFX1122586_4.jpg,"$286,289",
PAST SALE,October-30-2020,Condo/Co-op,11260 Chestnut Grove Sq #339,Reston,VA,20190,247000,2,1.0,CHESTNUT GROVE CONDO,980,,1972,3.0,252,562.0,Sold,,,http://www.redfin.com/VA/Reston/11260-Chestnut-Grove-Sq-20190/unit-339/home/9239415,BRIGHT MLS,VAFX1153748,N,Y,38.955147100000005,-77.33344579999999,1604368345-313,https://www.redfin.com/city/25657/VA/Reston/filter/include=sold-3mo/page-3,,https://www.redfin.com/VA/Reston/11260-Chestnut-Grove-Sq-20190/unit-339/home/9239415,11260 Chestnut Grove Sq #339,https://ssl.cdn-redfin.com/photo/235/mbpaddedwide/748/genMid.VAFX1153748_4.jpg,"$246,926",
PAST SALE,September-28-2020,Condo/Co-op,11500 Fairway Dr #505,Reston,VA,20190,580000,2,2.5,WATERFORD SQUARE CONDO,2058,,1982,35.0,282,653.0,Sold,,,http://www.redfin.com/VA/Reston/11500-Fairway-Dr-20190/unit-505/home/9227808,BRIGHT MLS,VAFX1139768,N,Y,38.9637146,-77.342478,1604367912-196,https://www.redfin.com/city/25657/VA/Reston/filter/include=sold-3mo/page-9,,https://www.redfin.com/VA/Reston/11500-Fairway-Dr-20190/unit-505/home/9227808,11500 Fairway Dr #505,https://ssl.cdn-redfin.com/photo/235/mbpaddedwide/768/genMid.VAFX1139768_4.jpg,"$593,469",
PAST SALE,October-15-2020,Condo/Co-op,12001 Market St #445,Reston,VA,20190,425000,2,2.0,MARKET STREET AT TOWN CE,1076,,2003,18.0,395,495.0,Sold,,,http://www.redfin.com/VA/Reston/12001-Market-St-20190/unit-445/home/9849171,BRIGHT MLS,VAFX1122204,N,Y,38.958028000000006,-77.362359,1604368447-341,https://www.redfin.com/city/25657/VA/Reston/filter/include=sold-3mo/page-2,,https://www.redfin.com/VA/Reston/12001-Market-St-20190/unit-445/home/9849171,12001 Market St #445,https://ssl.cdn-redfin.com/photo/235/mbpaddedwide/204/genMid.VAFX1122204_1.jpg,"$439,086",
PAST SALE,October-20-2020,Condo/Co-op,12000 Market St #370,Reston,VA,20190,436000,2,2.0,SAVOY AT RESTON TOWN CEN,1150,,2004,13.0,379,486.0,Sold,,,http://www.redfin.com/VA/Reston/12000-Market-St-20190/unit-370/home/9850666,BRIGHT MLS,VAFX1133622,N,Y,38.960273799999996,-77.3628027,1604368164-268,https://www.redfin.com/city/25657/VA/Reston/filter/include=sold-3mo/page-5,,https://www.redfin.com/VA/Reston/12000-Market-St-20190/unit-370/home/9850666,12000 Market St #370,https://ssl.cdn-redfin.com/photo/235/mbpaddedwide/622/genMid.VAFX1133622_5.jpg,"$439,565",
PAST SALE,October-20-2020,Condo/Co-op,1604 Chimney House Rd #1604,Reston,VA,20190,250000,1,1.0,LAKE ANNE OF RESTON COND,723,,1966,13.0,346,742.0,Sold,,,http://www.redfin.com/VA/Reston/1604-Chimney-House-Rd-20190/unit-1604/home/9225833,BRIGHT MLS,VAFX1156566,N,Y,38.9690222,-77.3408998,1604368460-345,https://www.redfin.com/city/25657/VA/Reston/filter/include=sold-3mo/page-2,,https://www.redfin.com/VA/Reston/1604-Chimney-House-Rd-20190/unit-1604/home/9225833,1604 Chimney House Rd #1604,https://ssl.cdn-redfin.com/photo/235/mbpaddedwide/566/genMid.VAFX1156566_2.jpg,"$252,139",
PAST SALE,August-31-2020,Condo/Co-op,12000 Market St #454,Reston,VA,20190,515000,2,2.5,SAVOY AT RESTON TOWN CEN,1372,,2004,63.0,375,520.0,Sold,,,http://www.redfin.com/VA/Reston/12000-Market-St-20190/unit-454/home/9848928,BRIGHT MLS,VAFX1132660,N,Y,38.960273799999996,-77.3628027,1604367667-128,https://www.redfin.com/city/25657/VA/Reston/filter/include=sold-3mo/page-12,,https://www.redfin.com/VA/Reston/12000-Market-St-20190/unit-454/home/9848928,12000 Market St #454,https://ssl.cdn-redfin.com/photo/235/mbpaddedwide/660/genMid.VAFX1132660_4.jpg,"$527,619",
PAST SALE,August-17-2020,Condo/Co-op,12001 Market St #273,Reston,VA,20190,269000,1,1.0,MARKET STREET AT TOWN CE,816,,2003,77.0,330,310.0,Sold,,,http://www.redfin.com/VA/Reston/12001-Market-St-20190/unit-273/home/9849098,BRIGHT MLS,VAFX1137168,N,Y,38.958028000000006,-77.362359,1604367490-87,https://www.redfin.com/city/25657/VA/Reston/filter/include=sold-3mo/page-14,,https://www.redfin.com/VA/Reston/12001-Market-St-20190/unit-273/home/9849098,12001 Market St #273,https://ssl.cdn-redfin.com/photo/235/mbpaddedwide/168/genMid.VAFX1137168_1.jpg,"$297,791",
PAST SALE,October-27-2020,Condo/Co-op,11800 Sunset Hills Rd #518,Reston,VA,20190,299000,1,1.0,CARLTON HOUSE CONDO,759,,2005,6.0,394,385.0,Sold,,,http://www.redfin.com/VA/Reston/11800-Sunset-Hills-Rd-20190/unit-518/home/9850772,BRIGHT MLS,VAFX1154894,N,Y,38.956205,-77.3544438,1604368237-288,https://www.redfin.com/city/25657/VA/Reston/filter/include=sold-3mo/page-4,,https://www.redfin.com/VA/Reston/11800-Sunset-Hills-Rd-20190/unit-518/home/9850772,11800 Sunset Hills Rd #518,https://ssl.cdn-redfin.com/photo/235/mbpaddedwide/894/genMid.VAFX1154894_4.jpg,"$298,188",
PAST SALE,October-6-2020,Condo/Co-op,11990 Market St #1517,Reston,VA,20190,740000,3,2.0,MIDTOWN AT RESTON TOWN C,1619,,2006,27.0,457,1123.0,Sold,,,http://www.redfin.com/VA/Reston/11990-Market-St-20190/unit-1517/home/12073204,BRIGHT MLS,VAFX1142406,N,Y,38.9590789,-77.3610497,1604368035-230,https://www.redfin.com/city/25657/VA/Reston/filter/include=sold-3mo/page-7,,https://www.redfin.com/VA/Reston/11990-Market-St-20190/unit-1517/home/12073204,11990 Market St #1517,https://ssl.cdn-redfin.com/photo/235/mbpaddedwide/406/genMid.VAFX1142406_2.jpg,"$768,696",
PAST SALE,September-25-2020,Condo/Co-op,1793 Jonathan Way Unit F,Reston,VA,20190,235000,1,1.0,PARCRESTON CONDO,690,,1985,38.0,341,336.0,Sold,,,http://www.redfin.com/VA/Reston/1793-Jonathan-Way-20190/unit-F/home/28835764,BRIGHT MLS,VAFX1149746,N,Y,38.9610444,-77.35231759999999,1604367892-190,https://www.redfin.com/city/25657/VA/Reston/filter/include=sold-3mo/page-9,,https://www.redfin.com/VA/Reston/1793-Jonathan-Way-20190/unit-F/home/28835764,1793 Jonathan Way Unit F,https://ssl.cdn-redfin.com/photo/235/mbpaddedwide/746/genMid.VAFX1149746_1.jpg,"$239,262",
PAST SALE,September-30-2020,Condo/Co-op,2054 Royal Fern Ct Unit 2B,Reston,VA,20191,245000,2,1.0,SOUTHGATE,991,,1973,33.0,247,386.0,Sold,,,http://www.redfin.com/VA/Reston/2054-Royal-Fern-Ct-20191/unit-2B/home/143203811,BRIGHT MLS,VAFX1150368,N,Y,38.944796999999994,-77.359001,1604367944-204,https://www.redfin.com/city/25657/VA/Reston/filter/include=sold-3mo/page-8,,https://www.redfin.com/VA/Reston/2054-Royal-Fern-Ct-20191/unit-2B/home/143203811,2054 Royal Fern Ct Unit 2B,https://ssl.cdn-redfin.com/photo/235/mbpaddedwide/368/genMid.VAFX1150368_1.jpg,"$250,921",
PAST SALE,August-10-2020,Condo/Co-op,11120 Beaver Trail Ct,Reston,VA,20191,285000,1,1.0,NANTUCKET AT RESTON COND,951,,1985,84.0,300,370.0,Sold,,,http://www.redfin.com/VA/Reston/11120-Beaver-Trail-Ct-20191/unit-11120/home/9357275,BRIGHT MLS,VAFX1135988,N,Y,38.932590999999995,-77.330219,1604367418-67,https://www.redfin.com/city/25657/VA/Reston/filter/include=sold-3mo/page-15,,https://www.redfin.com/VA/Reston/11120-Beaver-Trail-Ct-20191/unit-11120/home/9357275,11120 Beaver Trail Ct,https://ssl.cdn-redfin.com/photo/235/mbpaddedwide/988/genMid.VAFX1135988_1.jpg,"$293,063",
PAST SALE,September-29-2020,Condo/Co-op,1642-A Chimney House Rd,Reston,VA,20190,229500,1,1.0,LAKE ANNE OF,721,,1966,34.0,318,742.0,Sold,,,http://www.redfin.com/VA/Reston/1642A-Chimney-House-Rd-20190/home/172953963,BRIGHT MLS,VAFX1151164,N,Y,38.968765000000005,-77.34034100000001,1604367922-199,https://www.redfin.com/city/25657/VA/Reston/filter/include=sold-3mo/page-9,,https://www.redfin.com/VA/Reston/1642A-Chimney-House-Rd-20190/home/172953963,1642-A Chimney House Rd,https://ssl.cdn-redfin.com/photo/235/mbpaddedwide/164/genMid.VAFX1151164_1.jpg,"$241,240",
PAST SALE,August-31-2020,Condo/Co-op,1714 Abercromby Ct Unit A,Reston,VA,20190,273500,2,1.0,PARCRESTON CONDO,840,,1985,63.0,326,394.0,Sold,,,http://www.redfin.com/VA/Reston/1714-Abercromby-Ct-20190/unit-A/home/172262613,BRIGHT MLS,VAFX1136728,N,Y,38.963254,-77.353296,1604367651-124,https://www.redfin.com/city/25657/VA/Reston/filter/include=sold-3mo/page-12,,https://www.redfin.com/VA/Reston/1714-Abercromby-Ct-20190/unit-A/home/172262613,1714 Abercromby Ct Unit A,https://ssl.cdn-redfin.com/photo/235/mbpaddedwide/728/genMid.VAFX1136728_1.jpg,"$275,930",
PAST SALE,August-31-2020,Condo/Co-op,1851 Stratford Park Pl #107,Reston,VA,20190,400000,2,2.0,STRATFORD CONDO,1062,,2002,63.0,377,524.0,Sold,,,http://www.redfin.com/VA/Reston/1851-Stratford-Park-Pl-20190/unit-107/home/9838028,BRIGHT MLS,VAFX1139072,N,Y,38.9580435,-77.35307979999999,1604367654-125,https://www.redfin.com/city/25657/VA/Reston/filter/include=sold-3mo/page-12,,https://www.redfin.com/VA/Reston/1851-Stratford-Park-Pl-20190/unit-107/home/9838028,1851 Stratford Park Pl #107,https://ssl.cdn-redfin.com/photo/235/mbpaddedwide/072/genMid.VAFX1139072_1.jpg,"$408,083",
PAST SALE,August-31-2020,Condo/Co-op,1712 Lake Shore Crest Dr #21,Reston,VA,20190,267500,1,1.0,EDGEWATER AT,801,,1995,63.0,334,342.0,Sold,,,http://www.redfin.com/VA/Reston/1712-Lake-Shore-Crest-Dr-20190/unit-21/home/9215529,BRIGHT MLS,VAFX1142786,N,Y,38.9653185,-77.3629137,1604367658-126,https://www.redfin.com/city/25657/VA/Reston/filter/include=sold-3mo/page-12,,https://www.redfin.com/VA/Reston/1712-Lake-Shore-Crest-Dr-20190/unit-21/home/9215529,1712 Lake Shore Crest Dr #21,https://ssl.cdn-redfin.com/photo/235/mbpaddedwide/786/genMid.VAFX1142786_1.jpg,"$279,186",
PAST SALE,October-14-2020,Condo/Co-op,11612 Ivystone Ct #200,Reston,VA,20191,312000,2,2.0,WOODWINDS CONDO,1141,,1974,19.0,273,439.0,Sold,,,http://www.redfin.com/VA/Reston/11612-Ivystone-Ct-20191/unit-200/home/146180021,BRIGHT MLS,VAFX1155198,N,Y,38.9350382,-77.34720329999999,1604368086-245,https://www.redfin.com/city/25657/VA/Reston/filter/include=sold-3mo/page-6,,https://www.redfin.com/VA/Reston/11612-Ivystone-Ct-20191/unit-200/home/146180021,11612 Ivystone Ct #200,https://ssl.cdn-redfin.com/photo/235/mbpaddedwide/198/genMid.VAFX1155198_1.jpg,"$314,687",
PAST SALE,September-1-2020,Condo/Co-op,1505 N Point Dr #301,Reston,VA,20194,302500,2,1.0,NORTH POINT VILLAS CONDO,947,,1999,62.0,319,367.0,Sold,,,http://www.redfin.com/VA/Reston/1505-N-Point-Dr-20194/unit-301/home/28550241,BRIGHT MLS,VAFX1139958,N,Y,38.980678000000005,-77.35185899999999,1604367687-134,https://www.redfin.com/city/25657/VA/Reston/filter/include=sold-3mo/page-12,,https://www.redfin.com/VA/Reston/1505-N-Point-Dr-20194/unit-301/home/28550241,1505 N Point Dr #301,https://ssl.cdn-redfin.com/photo/235/mbpaddedwide/958/genMid.VAFX1139958_1.jpg,"$314,813",
PAST SALE,October-16-2020,Condo/Co-op,1435 Northgate Sq Unit 22B,Reston,VA,20190,268000,2,2.0,NORTHGATE CONDO,986,,1971,17.0,272,482.0,Sold,,,http://www.redfin.com/VA/Reston/1435-Northgate-Sq-20190/unit-22B/home/52321367,BRIGHT MLS,VAFX1158166,N,Y,38.971226,-77.334245,1604368115-255,https://www.redfin.com/city/25657/VA/Reston/filter/include=sold-3mo/page-6,,https://www.redfin.com/VA/Reston/1435-Northgate-Sq-20190/unit-22B/home/52321367,1435 Northgate Sq Unit 22B,https://ssl.cdn-redfin.com/photo/235/mbpaddedwide/166/genMid.VAFX1158166_3.jpg,"$271,135",
PAST SALE,August-28-2020,Condo/Co-op,1665 Parkcrest Cir #300,Reston,VA,20190,294000,2,1.0,BENTANA PARK CONDO,1112,,1973,66.0,264,497.0,Sold,,,http://www.redfin.com/VA/Reston/1665-Parkcrest-Cir-20190/unit-300/home/144172705,BRIGHT MLS,VAFX1143054,N,Y,38.957468,-77.329936,1604367611-115,https://www.redfin.com/city/25657/VA/Reston/filter/include=sold-3mo/page-13,,https://www.redfin.com/VA/Reston/1665-Parkcrest-Cir-20190/unit-300/home/144172705,1665 Parkcrest Cir #300,https://ssl.cdn-redfin.com/photo/235/mbpaddedwide/054/genMid.VAFX1143054_1.jpg,"$298,431",
PAST SALE,October-22-2020,Condo/Co-op,1729 Ascot Way Unit D,Reston,VA,20190,275000,2,1.0,PARCRESTON CONDO,905,,1985,11.0,304,397.0,Sold,,,http://www.redfin.com/VA/Reston/1729-Ascot-Way-20190/unit-D/home/172777364,BRIGHT MLS,VAFX1149332,N,Y,38.96418,-77.35324200000001,1604368180-273,https://www.redfin.com/city/25657/VA/Reston/filter/include=sold-3mo/page-5,,https://www.redfin.com/VA/Reston/1729-Ascot-Way-20190/unit-D/home/172777364,1729 Ascot Way Unit D,https://ssl.cdn-redfin.com/photo/235/mbpaddedwide/332/genMid.VAFX1149332_4.jpg,"$278,971",
PAST SALE,August-18-2020,Condo/Co-op,1373 Garden Wall Cir #602,Reston,VA,20194,275000,2,1.0,BALDWIN GROVE CONDO,788,,1993,76.0,349,349.0,Sold,,,http://www.redfin.com/VA/Reston/1373-Garden-Wall-Cir-20194/unit-602/home/9147622,BRIGHT MLS,VAFX1142478,N,Y,38.98309129999999,-77.3379757,1604367514-93,https://www.redfin.com/city/25657/VA/Reston/filter/include=sold-3mo/page-14,,https://www.redfin.com/VA/Reston/1373-Garden-Wall-Cir-20194/unit-602/home/9147622,1373 Garden Wall Cir #602,https://ssl.cdn-redfin.com/photo/235/mbpaddedwide/478/genMid.VAFX1142478_2.jpg,"$281,957",
PAST SALE,August-18-2020,Condo/Co-op,12025 New Dominion Pkwy #112,Reston,VA,20190,439000,1,1.5,MIDTOWN NORTH CONDO,1224,,2007,76.0,359,821.0,Sold,,,http://www.redfin.com/VA/Reston/12025-New-Dominion-Pkwy-20190/unit-112/home/17112031,BRIGHT MLS,VAFX1110338,N,Y,38.960351700000004,-77.3608333,1604367511-92,https://www.redfin.com/city/25657/VA/Reston/filter/include=sold-3mo/page-14,,https://www.redfin.com/VA/Reston/12025-New-Dominion-Pkwy-20190/unit-112/home/17112031,12025 New Dominion Pkwy #112,https://ssl.cdn-redfin.com/photo/235/mbpaddedwide/338/genMid.VAFX1110338_4.jpg,"$453,962",
PAST SALE,August-20-2020,Condo/Co-op,11128 Harbor Ct,Reston,VA,20191,530000,2,2.5,HARBOR POINT CONDO,1380,,1981,74.0,384,541.0,Sold,,,http://www.redfin.com/VA/Reston/11128-Harbor-Ct-20191/unit-1128/home/9355832,BRIGHT MLS,VAFX1136316,N,Y,38.9372414,-77.33116740000001,1604367534-98,https://www.redfin.com/city/25657/VA/Reston/filter/include=sold-3mo/page-14,,https://www.redfin.com/VA/Reston/11128-Harbor-Ct-20191/unit-1128/home/9355832,11128 Harbor Ct,https://ssl.cdn-redfin.com/photo/235/mbpaddedwide/316/genMid.VAFX1136316_2.jpg,"$552,586",
PAST SALE,September-22-2020,Condo/Co-op,1511 N Point Dr #302,Reston,VA,20194,366000,3,2.0,NORTH POINT VILLAS CONDO,1300,,1999,41.0,282,468.0,Sold,,,http://www.redfin.com/VA/Reston/1511-N-Point-Dr-20194/unit-302/home/22967185,BRIGHT MLS,VAFX1148404,N,Y,38.9805358,-77.3511396,1604367860-181,https://www.redfin.com/city/25657/VA/Reston/filter/include=sold-3mo/page-9,,https://www.redfin.com/VA/Reston/1511-N-Point-Dr-20194/unit-302/home/22967185,1511 N Point Dr #302,https://ssl.cdn-redfin.com/photo/235/mbpaddedwide/404/genMid.VAFX1148404_4.jpg,"$375,150",
PAST SALE,September-15-2020,Condo/Co-op,12000 Market St #477,Reston,VA,20190,357000,1,1.0,SAVOY AT RESTON TOWN CEN,891,,2004,48.0,401,405.0,Sold,,,http://www.redfin.com/VA/Reston/12000-Market-St-20190/unit-477/home/9848943,BRIGHT MLS,VAFX1143790,N,Y,38.960273799999996,-77.3628027,1604367790-162,https://www.redfin.com/city/25657/VA/Reston/filter/include=sold-3mo/page-10,,https://www.redfin.com/VA/Reston/12000-Market-St-20190/unit-477/home/9848943,12000 Market St #477,https://ssl.cdn-redfin.com/photo/235/mbpaddedwide/790/genMid.VAFX1143790_2.jpg,"$374,745",
PAST SALE,August-7-2020,Condo/Co-op,12195 Abington Hall Pl #204,Reston,VA,20190,425000,2,2.0,MADISON PARK AT WEST MAR,1172,,2000,87.0,363,386.0,Sold,,,http://www.redfin.com/VA/Reston/12195-Abington-Hall-Pl-20190/unit-204/home/9832647,BRIGHT MLS,VAFX1140020,N,Y,38.960343200000004,-77.3674214,1604367384-57,https://www.redfin.com/city/25657/VA/Reston/filter/include=sold-3mo/page-15,,https://www.redfin.com/VA/Reston/12195-Abington-Hall-Pl-20190/unit-204/home/9832647,12195 Abington Hall Pl #204,https://ssl.cdn-redfin.com/photo/235/mbpaddedwide/020/genMid.VAFX1140020_1.jpg,"$435,479",
PAST SALE,September-30-2020,Condo/Co-op,11990 Market St #915,Reston,VA,20190,766000,3,2.0,MIDTOWN AT RESTON TOWN C,1619,,2006,33.0,473,1123.0,Sold,,,http://www.redfin.com/VA/Reston/11990-Market-St-20190/unit-915/home/12073171,BRIGHT MLS,VAFX1105360,N,Y,38.9590789,-77.3610497,1604367938-202,https://www.redfin.com/city/25657/VA/Reston/filter/include=sold-3mo/page-8,,https://www.redfin.com/VA/Reston/11990-Market-St-20190/unit-915/home/12073171,11990 Market St #915,https://ssl.cdn-redfin.com/photo/235/mbpaddedwide/360/genMid.VAFX1105360_4.jpg,"$779,788",
PAST SALE,October-27-2020,Condo/Co-op,1661 Parkcrest Cir #301,Reston,VA,20190,309950,2,1.0,BENTANA PARK,1112,,1973,6.0,279,497.0,Sold,,,http://www.redfin.com/VA/Reston/1661-Parkcrest-Cir-20190/unit-301/home/143419188,BRIGHT MLS,VAFX1154646,N,Y,38.957468,-77.329936,1604368234-287,https://www.redfin.com/city/25657/VA/Reston/filter/include=sold-3mo/page-4,,https://www.redfin.com/VA/Reston/1661-Parkcrest-Cir-20190/unit-301/home/143419188,1661 Parkcrest Cir #301,https://ssl.cdn-redfin.com/photo/235/mbpaddedwide/646/genMid.VAFX1154646_1.jpg,"$307,160",
PAST SALE,October-27-2020,Condo/Co-op,1400 Northgate Sq Unit 1A,Reston,VA,20190,210000,1,1.0,NORTHGATE CONDO,680,,1971,6.0,309,428.0,Sold,,,http://www.redfin.com/VA/Reston/1400-Northgate-Sq-20190/unit-1A/home/9137925,BRIGHT MLS,VAFX1157516,N,Y,38.972691999999995,-77.333962,1604368264-291,https://www.redfin.com/city/25657/VA/Reston/filter/include=sold-3mo/page-4,,https://www.redfin.com/VA/Reston/1400-Northgate-Sq-20190/unit-1A/home/9137925,1400 Northgate Sq Unit 1A,https://ssl.cdn-redfin.com/photo/235/mbpaddedwide/516/genMid.VAFX1157516_1.jpg,"$200,599",
PAST SALE,August-7-2020,Condo/Co-op,1412 Northgate Sq Unit 12B,Reston,VA,20190,271000,2,2.0,NORTHGATE CONDO,986,,1971,87.0,275,470.0,Sold,,,http://www.redfin.com/VA/Reston/1412-Northgate-Sq-20190/unit-12B/home/172449279,BRIGHT MLS,VAFX1139230,N,Y,38.972442,-77.334436,1604367374-56,https://www.redfin.com/city/25657/VA/Reston/filter/include=sold-3mo/page-16,,https://www.redfin.com/VA/Reston/1412-Northgate-Sq-20190/unit-12B/home/172449279,1412 Northgate Sq Unit 12B,https://ssl.cdn-redfin.com/photo/235/mbpaddedwide/230/genMid.VAFX1139230_1.jpg,"$275,447",
PAST SALE,October-20-2020,Condo/Co-op,12001 Market St #222,Reston,VA,20190,277000,1,1.0,MARKET STREET AT TOWN CE,751,,2003,13.0,369,310.0,Sold,,,http://www.redfin.com/VA/Reston/12001-Market-St-20190/unit-222/home/9849072,BRIGHT MLS,VAFX1151636,N,Y,38.958028000000006,-77.362359,1604368160-267,https://www.redfin.com/city/25657/VA/Reston/filter/include=sold-3mo/page-5,,https://www.redfin.com/VA/Reston/12001-Market-St-20190/unit-222/home/9849072,12001 Market St #222,https://ssl.cdn-redfin.com/photo/235/mbpaddedwide/636/genMid.VAFX1151636_1.jpg,"$279,363",
PAST SALE,August-27-2020,Condo/Co-op,12160 Abington Hall Pl #304,Reston,VA,20190,475000,3,2.0,MADISON PARK AT WEST MAR,1336,,2000,67.0,356,400.0,Sold,,,http://www.redfin.com/VA/Reston/12160-Abington-Hall-Pl-20190/unit-304/home/9217498,BRIGHT MLS,VAFX1138716,N,Y,38.9596202,-77.36575,1604367601-112,https://www.redfin.com/city/25657/VA/Reston/filter/include=sold-3mo/page-13,,https://www.redfin.com/VA/Reston/12160-Abington-Hall-Pl-20190/unit-304/home/9217498,12160 Abington Hall Pl #304,https://ssl.cdn-redfin.com/photo/235/mbpaddedwide/716/genMid.VAFX1138716_2.jpg,"$485,132",
PAST SALE,September-17-2020,Condo/Co-op,11800 Sunset Hills Rd #812,Reston,VA,20190,312500,1,1.0,CARLTON HOUSE CONDO,851,,2005,46.0,367,385.0,Sold,,,http://www.redfin.com/VA/Reston/11800-Sunset-Hills-Rd-20190/unit-812/home/9849303,BRIGHT MLS,VAFX1140098,N,Y,38.956205,-77.3544438,1604367814-169,https://www.redfin.com/city/25657/VA/Reston/filter/include=sold-3mo/page-10,,https://www.redfin.com/VA/Reston/11800-Sunset-Hills-Rd-20190/unit-812/home/9849303,11800 Sunset Hills Rd #812,https://ssl.cdn-redfin.com/photo/235/mbpaddedwide/098/genMid.VAFX1140098_1.jpg,"$336,842",
PAST SALE,October-29-2020,Condo/Co-op,12937 Centre Park Cir #203,Herndon,VA,20171,339000,2,2.0,BRYSON AT WOODLAND PARK,1175,,2005,4.0,289,405.0,Sold,,,http://www.redfin.com/VA/Herndon/12937-Centre-Park-Cir-20171/unit-203/home/12073057,BRIGHT MLS,VAFX1156058,N,Y,38.9499366,-77.3911985,1604368293-300,https://www.redfin.com/city/25657/VA/Reston/filter/include=sold-3mo/page-4,,https://www.redfin.com/VA/Herndon/12937-Centre-Park-Cir-20171/unit-203/home/12073057,12937 Centre Park Cir #203,https://ssl.cdn-redfin.com/photo/235/mbpaddedwide/058/genMid.VAFX1156058_1.jpg,"$329,720",
PAST SALE,August-21-2020,Condo/Co-op,12000 Market St #462,Reston,VA,20190,360000,1,1.0,SAVOY AT RESTON TOWN CEN,839,,2004,73.0,429,405.0,Sold,,,http://www.redfin.com/VA/Reston/12000-Market-St-20190/unit-462/home/9848934,BRIGHT MLS,VAFX1138772,N,Y,38.960273799999996,-77.3628027,1604367545-100,https://www.redfin.com/city/25657/VA/Reston/filter/include=sold-3mo/page-13,,https://www.redfin.com/VA/Reston/12000-Market-St-20190/unit-462/home/9848934,12000 Market St #462,https://ssl.cdn-redfin.com/photo/235/mbpaddedwide/772/genMid.VAFX1138772_3.jpg,"$363,112",
