SALE TYPE,SOLD DATE,PROPERTY TYPE,ADDRESS,CITY,STATE OR PROVINCE,ZIP OR POSTAL CODE,PRICE,BEDS,BATHS,LOCATION,SQUARE FEET,LOT SIZE,YEAR BUILT,DAYS ON MARKET,$/SQUARE FEET,HOA/MONTH,STATUS,NEXT OPEN HOUSE START TIME,NEXT OPEN HOUSE END TIME,URL (SEE http://www.redfin.com/buy-a-home/comparative-market-analysis FOR INFO ON PRICING),SOURCE,MLS#,FAVORITE,INTERESTED,LATITUDE,LONGITUDE
PAST SALE,October-27-2020,Townhouse,12128 Purple Sage Ct,Reston,VA,20194,415300,3,2.5,RESTON SEC 49 BLK 3A 3B,1220,1400,1985,6,340,110,Sold,,,http://www.redfin.com/VA/Reston/12128-Purple-Sage-Ct-20194/home/9131284,BRIGHT MLS,VAFX1154528,N,Y,38.974383,-77.3636159
PAST SALE,September-29-2020,Condo/Co-op,11400 Washington Plz W #404,Reston,VA,20190,237500,1,1.0,LAKE ANNE OF RESTON COND,785,,1966,34,303,970,Sold,,,http://www.redfin.com/VA/Reston/11400-Washington-Plz-W-20190/unit-404/home/9225532,BRIGHT MLS,VAFX1149162,N,Y,38.967823,-77.3410414
PAST SALE,August-12-2020,Townhouse,1932 Sagewood Ln,Reston,VA,20191,405000,2,2.0,RESTON SEC 82 BLK 4,1280,825,1985,82,316,103,Sold,,,http://www.redfin.com/VA/Reston/1932-Sagewood-Ln-20191/home/9355029,BRIGHT MLS,VAFX1142232,N,Y,38.9411381,-77.327397
PAST SALE,October-1-2020,Condo/Co-op,11654 Stoneview Sq Unit 2B,Reston,VA,20191,206000,2,2.0,SHADOWOOD,894,,1974,32,230,502,Sold,,,http://www.redfin.com/VA/Reston/11654-Stoneview-Sq-20191/unit-2B/home/172510960,BRIGHT MLS,VAFX1148620,N,Y,38.932797,-77.349503
PAST SALE,October-5-2020,Condo/Co-op,12001 Taliesin Pl #31,Reston,VA,20190,325000,1,1.0,OAK PARK CONDO AT,934,,1993,28,348,506,Sold,,,http://www.redfin.com/VA/Reston/12001-Taliesin-Pl-20190/unit-31/home/9213062,BRIGHT MLS,VAFX1147706,N,Y,38.9608746,-77.360722
PAST SALE,August-6-2020,Single Family Residential,10803 Cross School Rd,Reston,VA,20191,779000,4,3.5,RESTON,3766,15435,1978,88,207,59,Sold,,,http://www.redfin.com/VA/Reston/10803-Cross-School-Rd-20191/home/9352844,BRIGHT MLS,VAFX1134518,N,Y,38.9383044,-77.3204844
PAST SALE,September-9-2020,Single Family Residential,1250 Lamplighter Way,Reston,VA,20194,810000,4,3.5,RESTON,2216,5162,1990,54,366,83,Sold,,,http://www.redfin.com/VA/Reston/1250-Lamplighter-Way-20194/home/9143373,BRIGHT MLS,VAFX1145420,N,Y,38.9846066,-77.3343494
PAST SALE,September-21-2020,Single Family Residential,11219 Leatherwood Dr,Reston,VA,20191,710600,4,3.0,RESTON,2385,15865,1971,42,298,58,Sold,,,http://www.redfin.com/VA/Reston/11219-Leatherwood-Dr-20191/home/9349434,BRIGHT MLS,VAFX1148998,N,Y,38.9223902,-77.3336539
PAST SALE,October-16-2020,Condo/Co-op,1509 N Point Dr #1,Reston,VA,20194,335000,2,2.0,NORTH POINT VILLAS CONDO,1050,,1999,17,319,420,Sold,,,http://www.redfin.com/VA/Reston/1509-N-Point-Dr-20194/unit-001/home/171037337,BRIGHT MLS,VAFX1149040,N,Y,38.980614,-77.351586
PAST SALE,September-10-2020,Townhouse,13055 Park Crescent Cir,Herndon,VA,20171,520100,3,3.0,WOODLAND PARK SEC 2,2260,1332,1999,53,230,145,Sold,,,http://www.redfin.com/VA/Herndon/13055-Park-Crescent-Cir-20171/home/9208221,BRIGHT MLS,VAFX1144558,N,Y,38.946376,-77.393417
PAST SALE,September-4-2020,Condo/Co-op,1501 N Point Dr #304,Reston,VA,20194,359500,3,2.0,NORTH POINT VILLAS CONDO,1300,,1999,59,277,468,Sold,,,http://www.redfin.com/VA/Reston/1501-N-Point-Dr-20194/unit-304/home/25708577,BRIGHT MLS,VAFX1143314,N,Y,38.9805527,-77.3524073
PAST SALE,August-21-2020,Townhouse,12106 Chancery Station Cir,Reston,VA,20190,907500,3,4.5,LOGAN PARK CLUSTER BLK 2,2466,1675,1999,73,368,153,Sold,,,http://www.redfin.com/VA/Reston/12106-Chancery-Station-Cir-20190/home/9216426,BRIGHT MLS,VAFX1126896,N,Y,38.9591366,-77.3636445
PAST SALE,August-31-2020,Condo/Co-op,11918 Breton Ct Unit 1B,Reston,VA,20191,437750,3,2.5,GLADE AT HUNTERS WOODS T,1514,,1998,63,289,374,Sold,,,http://www.redfin.com/VA/Reston/11918-Breton-Ct-20191/unit-1B/home/9333614,BRIGHT MLS,VAFX1142760,N,Y,38.935471,-77.361076
PAST SALE,August-12-2020,Single Family Residential,2400 Jackstay Ter,Reston,VA,20191,785000,5,3.5,RESTON,3006,12276,1969,82,261,59,Sold,,,http://www.redfin.com/VA/Reston/2400-Jackstay-Ter-20191/home/9346229,BRIGHT MLS,VAFX1135936,N,Y,38.9301031,-77.363151
PAST SALE,September-29-2020,Townhouse,1648 Valencia Way,Reston,VA,20190,475000,3,3.5,RESTON SEC 19 BLK 1 VILL,2162,1436,1972,34,220,115,Sold,,,http://www.redfin.com/VA/Reston/1648-Valencia-Way-20190/home/9242479,BRIGHT MLS,VAFX1151692,N,Y,38.96024,-77.331659
PAST SALE,August-26-2020,Townhouse,12170 Sanibel Ct,Reston,VA,20191,327500,3,2.0,RESTON SEC 38B BLK 9 SAN,1262,1363,1972,68,260,93,Sold,,,http://www.redfin.com/VA/Reston/12170-Sanibel-Ct-20191/home/9324740,BRIGHT MLS,VAFX1136986,N,Y,38.943269,-77.367115
PAST SALE,August-7-2020,Condo/Co-op,12945 Centre Park Cir #206,Herndon,VA,20171,232500,1,1.0,BRYSON AT WOODLAND PARK,664,,2005,87,350,269,Sold,,,http://www.redfin.com/VA/Herndon/12945-Centre-Park-Cir-20171/unit-206/home/12073077,BRIGHT MLS,VAFX1132816,N,Y,38.9503371,-77.3911444
PAST SALE,September-3-2020,Condo/Co-op,12001 Market St #177,Reston,VA,20190,395000,2,2.0,MARKET STREET AT TOWN CE,1060,,2003,60,373,495,Sold,,,http://www.redfin.com/VA/Reston/12001-Market-St-20190/unit-177/home/9849058,BRIGHT MLS,VAFX1128194,N,Y,38.958028,-77.362359
PAST SALE,August-26-2020,Condo/Co-op,12905 Centre Park Cir #312,Herndon,VA,20171,317000,2,2.0,BRYSON AT WOODLAND PARK,1031,,2005,68,307,405,Sold,,,http://www.redfin.com/VA/Herndon/12905-Centre-Park-Cir-20171/unit-312/home/9854430,BRIGHT MLS,VAFX1141912,N,Y,38.9493983,-77.39306
PAST SALE,August-18-2020,Single Family Residential,2531 Donns Way,Oakton,VA,22124,2500000,5,7.0,BRIDGES OF OAKTON,9799,81519,2002,76,255,63,Sold,,,http://www.redfin.com/VA/Oakton/2531-Donns-Way-22124/home/9830623,BRIGHT MLS,VAFX1139732,N,Y,38.9157445,-77.3389482
PAST SALE,August-7-2020,Single Family Residential,2006 Roundhouse Rd,Vienna,VA,22181,1125000,6,4.0,HUNTERS STATION,4824,81469,1985,87,233,,Sold,,,http://www.redfin.com/VA/Vienna/2006-Roundhouse-Rd-22181/home/9353705,BRIGHT MLS,VAFX1135354,N,Y,38.9326951,-77.3176573
PAST SALE,September-4-2020,Townhouse,1509 Inlet Ct,Reston,VA,20190,565000,5,2.5,RESTON SEC 17 BLK 4 INLE,2383,1846,1971,59,237,150,Sold,,,http://www.redfin.com/VA/Reston/1509-Inlet-Ct-20190/home/9222809,BRIGHT MLS,VAFX1124338,N,Y,38.9663619,-77.333344
PAST SALE,September-21-2020,Condo/Co-op,1701 Lake Shore Crest Dr #15,Reston,VA,20190,342000,2,2.0,EDGEWATER AT TOWN CENTER,1108,,1995,42,309,512,Sold,,,http://www.redfin.com/VA/Reston/1701-Lake-Shore-Crest-Dr-20190/unit-15/home/9215877,BRIGHT MLS,VAFX1143704,N,Y,38.9649058,-77.3638084
PAST SALE,September-22-2020,Townhouse,1361 Heritage Oak Way,Reston,VA,20194,687500,3,3.0,RESTON SEC 61 BLK 2 HERI,2434,2584,1990,41,282,108,Sold,,,http://www.redfin.com/VA/Reston/1361-Heritage-Oak-Way-20194/home/9145826,BRIGHT MLS,VAFX1141878,N,Y,38.9814055,-77.3401708
PAST SALE,September-4-2020,Condo/Co-op,11240 Chestnut Grove Sq #358,Reston,VA,20190,205000,2,1.5,CHESTNUT GROVE CONDO,1070,,1972,59,192,541,Sold,,,http://www.redfin.com/VA/Reston/11240-Chestnut-Grove-Sq-20190/unit-358/home/9239551,BRIGHT MLS,VAFX1146806,N,Y,38.9558663,-77.3331498
PAST SALE,,Condo/Co-op,1405 Northgate Sq #5,Reston,VA,20190,281199,3,2.0,,1234,,1971,,228,,,,,http://www.redfin.com/VA/Reston/1405-Northgate-Sq-20190/unit-5/home/9227974,,,N,Y,38.970715,-77.335358
PAST SALE,September-1-2020,Townhouse,11908 Escalante Ct,Reston,VA,20191,459900,3,2.5,RESTON SEC 34 BLK 2A COL,1729,1509,1972,62,266,58,Sold,,,http://www.redfin.com/VA/Reston/11908-Escalante-Ct-20191/home/9324021,BRIGHT MLS,VAFX1138520,N,Y,38.940367,-77.357184
PAST SALE,August-4-2020,Condo/Co-op,1855 Stratford Park Pl #115,Reston,VA,20190,347000,2,2.0,STRATFORD CONDO,878,,2000,90,395,440,Sold,,,http://www.redfin.com/VA/Reston/1855-Stratford-Park-Pl-20190/unit-115/home/9832768,BRIGHT MLS,VAFX1132534,N,Y,38.9572155,-77.3534174
PAST SALE,September-3-2020,Townhouse,11859 Dunlop Ct,Reston,VA,20191,506000,4,2.5,DEEPWOOD BLK D,2000,2245,1972,60,253,140,Sold,,,http://www.redfin.com/VA/Reston/11859-Dunlop-Ct-20191/home/9319489,BRIGHT MLS,VAFX1145490,N,Y,38.9320069,-77.3556148
PAST SALE,August-10-2020,Condo/Co-op,1504-E Summerchase Ct,Reston,VA,20194,321500,2,2.0,SUMMERRIDGE CONDO,1042,,1987,84,309,366,Sold,,,http://www.redfin.com/VA/Reston/1504-Summerchase-Ct-20194/unit-1504-E/home/9140847,BRIGHT MLS,VAFX1141656,N,Y,38.978467,-77.352473
PAST SALE,,Condo/Co-op,1830 Fountain Dr #1404,Reston,VA,20190,700000,2,2.0,,1369,,2005,,511,,,,,http://www.redfin.com/VA/Reston/1830-Fountain-Dr-20190/unit-1404/home/9855915,,,N,Y,38.9609704,-77.3576382
PAST SALE,September-4-2020,Single Family Residential,2603 Tack Ln,Reston,VA,20191,650000,4,3.0,RESTON,4393,87807,1968,59,148,58,Sold,,,http://www.redfin.com/VA/Reston/2603-Tack-Ln-20191/home/9346318,BRIGHT MLS,VAFX1148574,N,Y,38.923369,-77.3681973
PAST SALE,August-4-2020,Townhouse,2052 Headlands Cir,Reston,VA,20191,400000,3,3.0,BOSTON RIDGE CLUSTER,1356,1447,1978,90,295,59,Sold,,,http://www.redfin.com/VA/Reston/2052-Headlands-Cir-20191/home/9341688,BRIGHT MLS,VAFX1145922,N,Y,38.940758,-77.336792
PAST SALE,September-7-2020,Townhouse,2208 Golf Course Dr,Reston,VA,20191,455000,3,3.5,GOLF COURSE SQUARE CLUST,2112,1474,1972,56,215,93,Sold,,,http://www.redfin.com/VA/Reston/2208-Golf-Course-Dr-20191/home/9332530,BRIGHT MLS,VAFX1147520,N,Y,38.943998,-77.354084
PAST SALE,October-15-2020,Townhouse,2072 Whisperwood Glen Ln,Reston,VA,20191,410000,2,2.5,RESTON SEC 76 BLK 2A WHI,1092,1176,1983,18,375,90,Sold,,,http://www.redfin.com/VA/Reston/2072-Whisperwood-Glen-Ln-20191/home/9344259,BRIGHT MLS,VAFX1155824,N,Y,38.934762,-77.337411
PAST SALE,August-10-2020,Condo/Co-op,2060 Royal Fern Ct Unit 21A,Reston,VA,20191,213000,1,1.0,SOUTHGATE CONDO,860,,1973,84,248,320,Sold,,,http://www.redfin.com/VA/Reston/2060-Royal-Fern-Ct-20191/unit-21A/home/172437698,BRIGHT MLS,VAFX1139714,N,Y,38.944873,-77.359548
PAST SALE,October-15-2020,Condo/Co-op,2247 Castle Rock Sq Unit 22C,Reston,VA,20191,241000,3,2.0,SHADOWOOD CONDO,1029,,1974,18,234,559,Sold,,,http://www.redfin.com/VA/Reston/2247-Castle-Rock-Sq-20191/unit-22C/home/9338626,BRIGHT MLS,VAFX1142150,N,Y,38.933114,-77.3475689
PAST SALE,October-5-2020,Townhouse,11755 Mossy Creek Ln,Reston,VA,20191,465000,3,3.0,RESTON SEC 48 GLADE COUR,1342,2310,1984,28,346,132,Sold,,,http://www.redfin.com/VA/Reston/11755-Mossy-Creek-Ln-20191/home/9335878,BRIGHT MLS,VAFX1150310,N,Y,38.9317676,-77.352924
PAST SALE,September-16-2020,Condo/Co-op,1415 Northgate Sq Unit 1A,Reston,VA,20190,220000,1,1.0,NORTHGATE CONDO,748,,1971,47,294,428,Sold,,,http://www.redfin.com/VA/Reston/1415-Northgate-Sq-20190/unit-1A/home/68995155,BRIGHT MLS,VAFX1144896,N,Y,38.970322,-77.334372
PAST SALE,August-14-2020,Condo/Co-op,12921 Centre Park Cir #105,Herndon,VA,20171,282500,1,1.0,BRYSON AT WOODLAND PARK,813,,2005,80,347,265,Sold,,,http://www.redfin.com/VA/Herndon/12921-Centre-Park-Cir-20171/unit-105/home/9855334,BRIGHT MLS,VAFX1141174,N,Y,38.949133,-77.3918567
PAST SALE,September-8-2020,Single Family Residential,1960 Barton Hill Rd,Reston,VA,20191,965000,5,4.0,RESTON,4506,16797,1978,55,214,59,Sold,,,http://www.redfin.com/VA/Reston/1960-Barton-Hill-Rd-20191/home/9353347,BRIGHT MLS,VAFX1139006,N,Y,38.9343879,-77.3220998
PAST SALE,,Condo/Co-op,1623 Parkcrest Cir Unit 9B300,Reston,VA,20190,305000,2,1.0,,1174,,1973,,260,,,,,http://www.redfin.com/VA/Reston/1623-Parkcrest-Cir-20190/unit-9B300/home/9244527,,,N,Y,38.958856,-77.331387
PAST SALE,August-31-2020,Townhouse,1663 Valencia Way,Reston,VA,20190,478200,3,3.5,RESTON SEC 19 BLK 1 VILL,2232,2178,1972,63,214,113,Sold,,,http://www.redfin.com/VA/Reston/1663-Valencia-Way-20190/home/9242842,BRIGHT MLS,VAFX1143392,N,Y,38.9599115,-77.3304907
PAST SALE,October-14-2020,Condo/Co-op,11990 Market St #904,Reston,VA,20190,465000,2,2.0,MIDTOWN AT RESTON TOWN C,1169,,2006,19,398,804,Sold,,,http://www.redfin.com/VA/Reston/11990-Market-St-20190/unit-904/home/17112648,BRIGHT MLS,VAFX1128238,N,Y,38.9590789,-77.3610497
PAST SALE,,Condo/Co-op,1401 Northgate Sq #1,Reston,VA,20190,280000,3,2.0,,1234,,1971,,227,,,,,http://www.redfin.com/VA/Reston/1401-Northgate-Sq-20190/unit-1/home/9227881,,,N,Y,38.9704365,-77.3355384
PAST SALE,August-7-2020,Single Family Residential,11634 Deer Forest Rd,Reston,VA,20194,675000,4,2.5,SHAKER WOODS,2496,25080,1984,87,270,16,Sold,,,http://www.redfin.com/VA/Reston/11634-Deer-Forest-Rd-20194/home/9122471,BRIGHT MLS,VAFX1140378,N,Y,38.9867026,-77.35234
PAST SALE,October-13-2020,Townhouse,1609 Park Overlook Dr,Reston,VA,20190,563000,3,2.5,RESTON SEC 19 BLK 3,1680,1540,1972,20,335,117,Sold,,,http://www.redfin.com/VA/Reston/1609-Park-Overlook-Dr-20190/home/9243811,BRIGHT MLS,VAFX1151146,N,Y,38.9617759,-77.327427
PAST SALE,October-7-2020,Condo/Co-op,1307 Windleaf Dr #192,Reston,VA,20194,344000,2,2.0,SUTTON RIDGE CONDO,1100,,1997,26,313,366,Sold,,,http://www.redfin.com/VA/Reston/1307-Windleaf-Dr-20194/unit-192/home/9150347,BRIGHT MLS,VAFX1149920,N,Y,38.9841397,-77.3441628
PAST SALE,October-8-2020,Townhouse,11426 Hollow Timber Ct,Reston,VA,20194,701000,3,2.5,RESTON SEC 61 BLK 1 TIMB,2940,2579,1994,25,238,59,Sold,,,http://www.redfin.com/VA/Reston/11426-Hollow-Timber-Ct-20194/home/9145266,BRIGHT MLS,VAFX1143420,N,Y,38.9806,-77.341226
PAST SALE,September-30-2020,Townhouse,11773 North Shore Dr,Reston,VA,20190,569900,3,3.0,RESTON SEC 7 OF RESUBD P,2118,2138,1969,33,269,59,Sold,,,http://www.redfin.com/VA/Reston/11773-N-Shore-Dr-20190/home/9235996,BRIGHT MLS,VAFX1145966,N,Y,38.957717,-77.346337
PAST SALE,September-24-2020,Townhouse,1606 Oak Spring Way,Reston,VA,20190,530000,3,3.0,RESTON SEC 19 BLK 4,2050,1518,1986,39,259,100,Sold,,,http://www.redfin.com/VA/Reston/1606-Oak-Spring-Way-20190/home/9243973,BRIGHT MLS,VAFX1150900,N,Y,38.959563,-77.3283469
PAST SALE,October-9-2020,Condo/Co-op,12001 Market St #244,Reston,VA,20190,414500,2,2.0,MARKET STREET AT TOWN CE,1047,,2003,24,396,479,Sold,,,http://www.redfin.com/VA/Reston/12001-Market-St-20190/unit-244/home/9849086,BRIGHT MLS,VAFX1110162,N,Y,38.958028,-77.362359
PAST SALE,August-6-2020,Single Family Residential,11396 Fairway Dr,Reston,VA,20190,681100,4,2.5,RESTON,2728,5407,1969,88,250,124,Sold,,,http://www.redfin.com/VA/Reston/11396-Fairway-Dr-20190/home/9222535,BRIGHT MLS,VAFX1136578,N,Y,38.9628469,-77.33937
PAST SALE,September-24-2020,Condo/Co-op,1716 Lake Shore Crest Dr #13,Reston,VA,20190,320000,2,1.5,EDGEWATER AT TOWN CENTER,966,,1994,39,331,474,Sold,,,http://www.redfin.com/VA/Reston/1716-Lake-Shore-Crest-Dr-20190/unit-13/home/9215227,BRIGHT MLS,VAFX1150322,N,Y,38.9650075,-77.3625541
PAST SALE,October-19-2020,Condo/Co-op,12001 Market St #172,Reston,VA,20190,450000,2,2.0,MARKET STREET AT TOWN CE,1215,,2003,14,370,508,Sold,,,http://www.redfin.com/VA/Reston/12001-Market-St-20190/unit-172/home/9848447,BRIGHT MLS,VAFX1152460,N,Y,38.958028,-77.362359
PAST SALE,October-9-2020,Townhouse,11540 Hemingway Dr,Reston,VA,20194,736500,4,3.5,RESTON SEC 33 BLK 7A HEM,3172,3554,1991,24,232,169,Sold,,,http://www.redfin.com/VA/Reston/11540-Hemingway-Dr-20194/home/9136013,BRIGHT MLS,VAFX1151288,N,Y,38.977543,-77.342421
PAST SALE,September-28-2020,Townhouse,11440 Heritage Commons Way,Reston,VA,20194,542500,2,3.5,RESTON SEC 75 BLK 4A VIN,1602,2137,1997,35,339,59,Sold,,,http://www.redfin.com/VA/Reston/11440-Heritage-Commons-Way-20194/home/9124491,BRIGHT MLS,VAFX1150806,N,Y,38.988469,-77.342883
PAST SALE,September-23-2020,Condo/Co-op,12000 Taliesin Pl #16,Reston,VA,20190,341000,2,1.5,OAK PARK CONDO AT RESTON,925,,1993,40,369,381,Sold,,,http://www.redfin.com/VA/Reston/12000-Taliesin-Pl-20190/unit-16/home/9214073,BRIGHT MLS,VAFX1147484,N,Y,38.9613516,-77.3607258
PAST SALE,October-15-2020,Condo/Co-op,11400 Washington Plz W #1102,Reston,VA,20190,248000,1,1.0,LAKE ANNE OF RESTON COND,812,,1966,18,305,901,Sold,,,http://www.redfin.com/VA/Reston/11400-Washington-Plz-W-20190/unit-1102/home/9225690,BRIGHT MLS,VAFX1151460,N,Y,38.967823,-77.3410414
PAST SALE,August-17-2020,Townhouse,11329 Headlands Ct,Reston,VA,20191,410000,2,1.5,BOSTON RIDGE CLUSTER,1112,2000,1979,77,369,108,Sold,,,http://www.redfin.com/VA/Reston/11329-Headlands-Ct-20191/home/9342140,BRIGHT MLS,VAFX1139926,N,Y,38.942641,-77.337
PAST SALE,September-10-2020,Condo/Co-op,2313 Freetown Ct Unit 2B,Reston,VA,20191,230000,2,1.0,GLENVALE CONDO,884,,1973,53,260,394,Sold,,,http://www.redfin.com/VA/Reston/2313-Freetown-Ct-20191/unit-2B/home/167058785,BRIGHT MLS,VAFX1147424,N,Y,38.937901,-77.3654387
PAST SALE,September-8-2020,Condo/Co-op,12917 Centre Park Cir #417,Herndon,VA,20171,392000,3,2.0,BRYSON AT WOODLAND PARK,1296,,2005,55,302,475,Sold,,,http://www.redfin.com/VA/Herndon/12917-Centre-Park-Cir-20171/unit-417/home/9854315,BRIGHT MLS,VAFX1138752,N,Y,38.9489765,-77.3922423
PAST SALE,September-30-2020,Townhouse,2125 Glencourse Ln,Reston,VA,20191,465000,3,3.0,RESTON SEC 44 BLK 1C GLE,1512,2720,1977,33,308,107,Sold,,,http://www.redfin.com/VA/Reston/2125-Glencourse-Ln-20191/home/9334868,BRIGHT MLS,VAFX1151462,N,Y,38.938832,-77.346904
PAST SALE,August-4-2020,Condo/Co-op,11266 Harbor Ct,Reston,VA,20191,605000,2,2.0,HARBOR POINT CONDO,1982,,1985,90,305,739,Sold,,,http://www.redfin.com/VA/Reston/11266-Harbor-Ct-20191/unit-1266/home/9356068,BRIGHT MLS,VAFX1139448,N,Y,38.9385049,-77.331544
PAST SALE,October-9-2020,Condo/Co-op,1968-B Villaridge Dr,Reston,VA,20191,250000,1,1.0,VILLARIDGE CONDO,787,,1984,24,318,353,Sold,,,http://www.redfin.com/VA/Reston/1968B-Villaridge-Dr-20191/home/173109326,BRIGHT MLS,VAFX1152404,N,Y,38.9392091,-77.3282559
PAST SALE,October-15-2020,Townhouse,11545 Pine Cone Ct,Reston,VA,20191,527500,3,3.0,RESTON SEC 52 BLK 3 KING,1644,1584,1978,18,321,59,Sold,,,http://www.redfin.com/VA/Reston/11545-Pine-Cone-Ct-20191/home/9342921,BRIGHT MLS,VAFX1153896,N,Y,38.9334871,-77.3445003
PAST SALE,October-2-2020,Townhouse,1265 Weatherstone Ct,Reston,VA,20194,600000,3,3.0,RESTON SEC 73 BLK 7 WEAT,1725,2577,1996,31,348,104,Sold,,,http://www.redfin.com/VA/Reston/1265-Weatherstone-Ct-20194/home/9144571,BRIGHT MLS,VAFX1155782,N,Y,38.9854289,-77.3396437
PAST SALE,October-1-2020,Townhouse,2061 Whisperwood Glen Ln,Reston,VA,20191,420000,3,2.5,RESTON SEC 76 BLK 2A WHI,1092,870,1984,32,385,90,Sold,,,http://www.redfin.com/VA/Reston/2061-Whisperwood-Glen-Ln-20191/home/9344178,BRIGHT MLS,VAFX1149428,N,Y,38.934773,-77.336723
PAST SALE,September-3-2020,Single Family Residential,11323 Myrtle Ln,Reston,VA,20191,699900,4,2.5,RESTON,2484,20211,1969,60,282,59,Sold,,,http://www.redfin.com/VA/Reston/11323-Myrtle-Ln-20191/home/9348741,BRIGHT MLS,VAFX1144510,N,Y,38.9218284,-77.3396885
PAST SALE,August-4-2020,Single Family Residential,11407 Drop Forge Ln,Reston,VA,20191,727500,4,3.5,RESTON,2532,31442,1971,90,287,59,Sold,,,http://www.redfin.com/VA/Reston/11407-Drop-Forge-Ln-20191/home/9348709,BRIGHT MLS,VAFX1136638,N,Y,38.9211399,-77.3425599
PAST SALE,October-16-2020,Parking,12945 Centre Park Cir #408,Herndon,VA,20171,250000,1,1.0,BRYSON AT WOODLAND PARK,731,,2005,17,342,275,Sold,,,http://www.redfin.com/VA/Herndon/12945-Centre-Park-Cir-20171/unit-408/home/12073093,BRIGHT MLS,VAFX1150360,N,Y,38.9503371,-77.3911444
PAST SALE,August-28-2020,Townhouse,2300 Emerald Heights Ct,Reston,VA,20191,395500,4,3.0,RESTON SEC 36 BLK 4A PIN,1434,1606,1973,66,276,125,Sold,,,http://www.redfin.com/VA/Reston/2300-Emerald-Heights-Ct-20191/home/9327605,BRIGHT MLS,VAFX1143792,N,Y,38.939583,-77.369054
PAST SALE,September-25-2020,Single Family Residential,2314 Colts Brook Dr,Reston,VA,20191,625000,4,2.5,POLO FIELDS,1896,11500,1994,38,330,59,Sold,,,http://www.redfin.com/VA/Reston/2314-Colts-Brook-Dr-20191/home/9203071,BRIGHT MLS,VAFX1142338,N,Y,38.9459772,-77.3893445
PAST SALE,September-18-2020,Single Family Residential,12504 Thunder Chase Dr,Reston,VA,20191,535000,4,2.5,POLO FIELDS,1632,10818,1981,45,328,59,Sold,,,http://www.redfin.com/VA/Reston/12504-Thunder-Chase-Dr-20191/home/9201631,BRIGHT MLS,VAFX1144782,N,Y,38.9491849,-77.3805093
PAST SALE,October-27-2020,Townhouse,2183 White Cornus Ln,Reston,VA,20191,335000,3,2.0,RESTON SEC 38B BLK 12 DO,1262,1214,1973,6,265,176,Sold,,,http://www.redfin.com/VA/Reston/2183-White-Cornus-Ln-20191/home/9325443,BRIGHT MLS,VAFX1156132,N,Y,38.9443709,-77.371785
PAST SALE,,Condo/Co-op,1412 Northgate Sq #12,Reston,VA,20190,271000,2,2.0,,986,,1971,,275,,,,,http://www.redfin.com/VA/Reston/1412-Northgate-Sq-20190/unit-12/home/9138174,,,N,Y,38.972442,-77.334436
PAST SALE,October-16-2020,Townhouse,11669 Newbridge Ct,Reston,VA,20191,492500,3,3.0,RESTON SEC 42 BLK 5 NEWB,1832,2529,1974,17,269,130,Sold,,,http://www.redfin.com/VA/Reston/11669-Newbridge-Ct-20191/home/9334967,BRIGHT MLS,VAFX1150530,N,Y,38.944121,-77.352287
PAST SALE,August-14-2020,Condo/Co-op,1623 Parkcrest Cir #300,Reston,VA,20190,305000,2,1.0,BENTANA PARK CONDO,1174,,1973,80,260,499,Sold,,,http://www.redfin.com/VA/Reston/1623-Parkcrest-Cir-20190/unit-300/home/143374843,BRIGHT MLS,VAFX1140418,N,Y,38.958856,-77.331387
PAST SALE,September-29-2020,Townhouse,1671 Fieldthorn Dr,Reston,VA,20194,408000,2,2.0,RESTON SEC 41 BLK 3 WHIS,1350,990,1986,34,302,108,Sold,,,http://www.redfin.com/VA/Reston/1671-Fieldthorn-Dr-20194/home/9211205,BRIGHT MLS,VAFX1149896,N,Y,38.9705005,-77.3555812
PAST SALE,October-16-2020,Townhouse,1239 Woodbrook Ct,Reston,VA,20194,707000,3,3.5,RESTON SEC 73 BLK 5,2666,2698,1994,17,265,167,Sold,,,http://www.redfin.com/VA/Reston/1239-Woodbrook-Ct-20194/home/9144175,BRIGHT MLS,VAFX1151918,N,Y,38.984006,-77.3363229
PAST SALE,August-13-2020,Townhouse,2332 Horseferry Ct,Reston,VA,20191,500000,3,2.5,DEEPWOOD BLK D,1320,2275,1974,81,379,140,Sold,,,http://www.redfin.com/VA/Reston/2332-Horseferry-Ct-20191/home/9319909,BRIGHT MLS,VAFX1139908,N,Y,38.9338216,-77.3564223
PAST SALE,August-6-2020,Condo/Co-op,12001 Market St Unit T53,Reston,VA,20190,380000,2,2.0,MARKET STREET AT TOWN CE,1047,,2003,88,363,466,Sold,,,http://www.redfin.com/VA/Reston/12001-Market-St-20190/unit-T53/home/9853886,BRIGHT MLS,VAFX1137496,N,Y,38.958028,-77.362359
PAST SALE,October-19-2020,Single Family Residential,11678 Stockbridge Ln,Reston,VA,20194,790000,3,4.5,RESTON,2478,13386,1983,14,319,59,Sold,,,http://www.redfin.com/VA/Reston/11678-Stockbridge-Ln-20194/home/9227116,BRIGHT MLS,VAFX1155152,N,Y,38.9700709,-77.3517568
PAST SALE,August-13-2020,Townhouse,1582 Brass Lantern Way,Reston,VA,20194,630000,3,3.5,RESTON SEC 35 BLK 2 THE,1933,3691,1988,81,326,163,Sold,,,http://www.redfin.com/VA/Reston/1582-Brass-Lantern-Way-20194/home/9138839,BRIGHT MLS,VAFX1140110,N,Y,38.9771595,-77.3454312
PAST SALE,August-12-2020,Condo/Co-op,11760 Sunrise Valley Dr #509,Reston,VA,20191,271000,1,1.0,MERCER A CONDO,664,,2006,82,408,434,Sold,,,http://www.redfin.com/VA/Reston/11760-Sunrise-Valley-Dr-20191/unit-509/home/12074764,BRIGHT MLS,VAFX1138564,N,Y,38.9497211,-77.3522835
PAST SALE,October-2-2020,Townhouse,11909 Crosswind Ct,Reston,VA,20194,365000,2,2.0,RESTON SEC 41 BLK 1A 1B,952,1049,1986,31,383,103,Sold,,,http://www.redfin.com/VA/Reston/11909-Crosswind-Ct-20194/home/9212085,BRIGHT MLS,VAFX1150994,N,Y,38.969158,-77.356979
PAST SALE,October-2-2020,Townhouse,11599 Maple Ridge Rd,Reston,VA,20190,490000,3,2.0,RESTON PCL 4 SEC 1 BLK 1,1264,1119,1965,31,388,242,Sold,,,http://www.redfin.com/VA/Reston/11599-Maple-Ridge-Rd-20190/home/9218041,BRIGHT MLS,VAFX1147422,N,Y,38.968428,-77.346001
PAST SALE,August-28-2020,Condo/Co-op,12000 Market St #153,Reston,VA,20190,430000,2,2.0,SAVOY AT RESTON TOWN CEN,1060,,2004,66,406,445,Sold,,,http://www.redfin.com/VA/Reston/12000-Market-St-20190/unit-153/home/9848724,BRIGHT MLS,VAFX1140340,N,Y,38.9602738,-77.3628027
PAST SALE,August-27-2020,Single Family Residential,11307 Stoneledge Ct,Reston,VA,20191,1449000,5,4.5,STONELEDGE,4796,81047,1985,67,302,,Sold,,,http://www.redfin.com/VA/Reston/11307-Stoneledge-Ct-20191/home/9437195,BRIGHT MLS,VAFX1135994,N,Y,38.9165274,-77.3352916
PAST SALE,August-31-2020,Single Family Residential,1505 Stuart Rd,Reston,VA,20194,702500,5,3.5,RESTON,3021,43394,1987,63,233,59,Sold,,,http://www.redfin.com/VA/Reston/1505-Stuart-Rd-20194/home/9134315,BRIGHT MLS,VAFX1123376,N,Y,38.9835484,-77.3597867
PAST SALE,,Condo/Co-op,1714 Abercromby Ct Unit 1714A,Reston,VA,20190,273500,1,1.0,,840,,1985,,326,,,,,http://www.redfin.com/VA/Reston/1714-Abercromby-Ct-20190/unit-1714A/home/9855406,,,N,Y,38.963254,-77.353296
PAST SALE,,Condo/Co-op,11776 Stratford House Pl #201,Reston,VA,20190,495000,2,2.0,,1430,,2001,,346,,,,,http://www.redfin.com/VA/Reston/11776-Stratford-House-Pl-20190/unit-201/home/9837862,,,N,Y,38.9586976,-77.3535033
PAST SALE,October-22-2020,Townhouse,1587 Woodcrest Dr,Reston,VA,20194,387450,2,1.5,RESTON SEC 39 BLK 6 WOOD,919,1073,1987,11,422,110,Sold,,,http://www.redfin.com/VA/Reston/1587-Woodcrest-Dr-20194/home/9133392,BRIGHT MLS,VAFX1155842,N,Y,38.978449,-77.354026
PAST SALE,October-9-2020,Condo/Co-op,11625 Vantage Hill Rd Unit 1C,Reston,VA,20190,250000,3,2.0,VANTAGE HILL CONDO,1353,,1967,24,185,774,Sold,,,http://www.redfin.com/VA/Reston/11625-Vantage-Hill-Rd-20190/unit-1C/home/9231341,BRIGHT MLS,VAFX1146518,N,Y,38.966126,-77.348393
PAST SALE,August-17-2020,Townhouse,1771 Whisperhill Dr,Reston,VA,20194,425000,3,2.5,RESTON SEC 41 BLK 1A 1B,1464,1254,1985,77,290,160,Sold,,,http://www.redfin.com/VA/Reston/1771-Whisperhill-Dr-20194/home/9211924,BRIGHT MLS,VAFX1137648,N,Y,38.9691786,-77.3557831
PAST SALE,September-30-2020,Condo/Co-op,11990 Market St #908,Reston,VA,20190,402500,1,1.0,MIDTOWN AT RESTON TOWN C,833,,2006,33,483,577,Sold,,,http://www.redfin.com/VA/Reston/11990-Market-St-20190/unit-908/home/12073170,BRIGHT MLS,VAFX1144328,N,Y,38.9590789,-77.3610497
PAST SALE,,Condo/Co-op,2313 Freetown Ct #20,Reston,VA,20191,193000,2,1.0,,884,,1973,,218,,,,,http://www.redfin.com/VA/Reston/2313-Freetown-Ct-20191/unit-20/home/9331015,,,N,Y,38.937901,-77.3654387
PAST SALE,September-3-2020,Single Family Residential,11260 Stones Throw Dr,Reston,VA,20194,1260000,5,4.5,ESTATES AT WYNDHAM HILLS,6300,26565,1999,60,200,12,Sold,,,http://www.redfin.com/VA/Reston/11260-Stones-Throw-Dr-20194/home/9126106,BRIGHT MLS,VAFX1137344,N,Y,38.989876,-77.3328463
PAST SALE,September-1-2020,Condo/Co-op,1441 Northgate Sq Unit 21B,Reston,VA,20190,225000,2,2.0,NORTHGATE CONDO,986,,1971,62,228,470,Sold,,,http://www.redfin.com/VA/Reston/1441-Northgate-Sq-20190/unit-21B/home/9229076,BRIGHT MLS,VAFX1140750,N,Y,38.971216,-77.335067
PAST SALE,,Condo/Co-op,12036 Trumbull Way,Reston,VA,20190,614000,3,2.5,,1876,,1999,,327,,,,,http://www.redfin.com/VA/Reston/12036-Trumbull-Way-20190/home/9234595,,,N,Y,38.9566296,-77.3631329
PAST SALE,,Townhouse,11039 Saffold Way,Reston,VA,20190,500000,3,2.5,,1604,2062,1970,,312,,,,,http://www.redfin.com/VA/Reston/11039-Saffold-Way-20190/home/9240359,,,N,Y,38.97124,-77.328011
PAST SALE,,Condo/Co-op,11627 Stoneview Sq #78,Reston,VA,20191,238100,3,2.0,,1029,,1974,,231,,,,,http://www.redfin.com/VA/Reston/11627-Stoneview-Sq-20191/unit-78/home/9339185,,,N,Y,38.9313322,-77.3485492
PAST SALE,,Condo/Co-op,1958 Villaridge Dr Unit B,Reston,VA,20191,275000,2,1.0,,1110,,1984,,248,,,,,http://www.redfin.com/VA/Reston/1958-Villaridge-Dr-20191/unit-B/home/9356887,,,N,Y,38.939319,-77.3278969
PAST SALE,October-23-2020,Condo/Co-op,11649 Stoneview Sq Unit 1B,Reston,VA,20191,195000,2,2.0,SHADOWOOD,894,,1974,10,218,502,Sold,,,http://www.redfin.com/VA/Reston/11649-Stoneview-Sq-20191/unit-1B/home/173193929,BRIGHT MLS,VAFX1155450,N,Y,38.9319336,-77.3489081
PAST SALE,October-23-2020,Townhouse,1603 Apricot Ct,Reston,VA,20190,556000,3,3.0,RESTON SEC 1,1580,1760,1979,10,352,58,Sold,,,http://www.redfin.com/VA/Reston/1603-Apricot-Ct-20190/home/9225245,BRIGHT MLS,VAFX1156978,N,Y,38.9639958,-77.3413334
PAST SALE,August-21-2020,Condo/Co-op,11990 Market St #217,Reston,VA,20190,675000,3,2.0,MIDTOWN AT RESTON TOWN C,1619,,2006,73,417,1123,Sold,,,http://www.redfin.com/VA/Reston/11990-Market-St-20190/unit-217/home/17112671,BRIGHT MLS,VAFX1140556,N,Y,38.9590789,-77.3610497
PAST SALE,October-8-2020,Townhouse,1666 Sierra Woods Ct,Reston,VA,20194,460250,3,2.0,RESTON SEC 49 BLK 4,1610,1418,1984,25,286,90,Sold,,,http://www.redfin.com/VA/Reston/1666-Sierra-Woods-Ct-20194/home/9210064,BRIGHT MLS,VAFX1150698,N,Y,38.9714979,-77.365016
PAST SALE,September-22-2020,Townhouse,12034 North Shore Dr,Reston,VA,20190,787451,3,4.0,Tall Oaks at North Shore,2004,,2020,41,393,45,Sold,,,http://www.redfin.com/VA/Reston/12034-N-Shore-Dr-20190/home/172388957,BRIGHT MLS,VAFX1162314,N,Y,38.9580099,-77.3334164
PAST SALE,September-10-2020,Condo/Co-op,1706 Ascot Way Unit B,Reston,VA,20190,224000,1,1.0,PARCRESTON CONDO,690,,1985,53,325,336,Sold,,,http://www.redfin.com/VA/Reston/1706-Ascot-Way-20190/unit-B/home/9854563,BRIGHT MLS,VAFX1136130,N,Y,38.9634602,-77.352234
PAST SALE,September-9-2020,Single Family Residential,1337 Buttermilk Ln,Reston,VA,20190,680000,4,2.5,RESTON,2496,13507,1970,54,272,59,Sold,,,http://www.redfin.com/VA/Reston/1337-Buttermilk-Ln-20190/home/9240825,BRIGHT MLS,VAFX1142850,N,Y,38.9710054,-77.3219203
PAST SALE,September-11-2020,Townhouse,1636 Purple Sage Dr,Reston,VA,20194,388500,2,2.0,RESTON SEC 49 BLK 3A 3B,930,1690,1985,52,418,59,Sold,,,http://www.redfin.com/VA/Reston/1636-Purple-Sage-Dr-20194/home/9130945,BRIGHT MLS,VAFX1145114,N,Y,38.972553,-77.363493
PAST SALE,September-23-2020,Condo/Co-op,12001 Market St #274,Reston,VA,20190,525000,3,2.0,MARKET STREET AT TOWN CE,1483,,2003,40,354,693,Sold,,,http://www.redfin.com/VA/Reston/12001-Market-St-20190/unit-274/home/9849099,BRIGHT MLS,VAFX1143512,N,Y,38.958028,-77.362359
PAST SALE,,Townhouse,10997 Thrush Ridge Rd,Reston,VA,20191,500000,3,2.5,,1636,1654,1986,,306,,,,,http://www.redfin.com/VA/Reston/10997-Thrush-Ridge-Rd-20191/home/9357202,,,N,Y,38.931256,-77.326024
PAST SALE,September-30-2020,Condo/Co-op,11604 Vantage Hill Rd Unit 21-B,Reston,VA,20190,228000,2,1.5,VANTAGE HILL CONDO,998,,1967,33,228,527,Sold,,,http://www.redfin.com/VA/Reston/11604-Vantage-Hill-Rd-20190/unit-21B/home/9230592,BRIGHT MLS,VAFX1145250,N,Y,38.967805,-77.3471409
PAST SALE,October-28-2020,Townhouse,11727 North Shore Dr,Reston,VA,20190,571500,3,3.0,RESTON SEC 7 OF RESUBD P,1972,1586,1969,5,290,142,Sold,,,http://www.redfin.com/VA/Reston/11727-N-Shore-Dr-20190/home/9222276,BRIGHT MLS,VAFX1145188,N,Y,38.958459,-77.346142
PAST SALE,September-15-2020,Townhouse,1614 Park Overlook Dr,Reston,VA,20190,577200,4,3.5,RESTON SEC 19 BLK 3,2256,2584,1972,48,256,117,Sold,,,http://www.redfin.com/VA/Reston/1614-Park-Overlook-Dr-20190/home/9243908,BRIGHT MLS,VAFX1138886,N,Y,38.9623249,-77.32726
PAST SALE,October-27-2020,Townhouse,11048 Saffold Way,Reston,VA,20190,489500,4,3.5,RESTON SEC 9 BLK 3,2572,1718,1970,6,190,110,Sold,,,http://www.redfin.com/VA/Reston/11048-Saffold-Way-20190/home/9156893,BRIGHT MLS,VAFX1154106,N,Y,38.973255,-77.327646
PAST SALE,September-30-2020,Townhouse,1604 Fieldthorn Dr,Reston,VA,20194,415000,2,2.0,RESTON SEC 41 BLK 3 WHIS,1250,1083,1986,33,332,108,Sold,,,http://www.redfin.com/VA/Reston/1604-Fieldthorn-Dr-20194/home/9210857,BRIGHT MLS,VAFX1149928,N,Y,38.9717035,-77.3570391
PAST SALE,August-20-2020,Condo/Co-op,11603 Vantage Hill Rd Unit 2C,Reston,VA,20190,260000,3,2.0,VANTAGE HILL CONDO,1353,,1967,74,192,774,Sold,,,http://www.redfin.com/VA/Reston/11603-Vantage-Hill-Rd-20190/unit-2C/home/9230542,BRIGHT MLS,VAFX1132572,N,Y,38.96763,-77.346163
PAST SALE,October-9-2020,Condo/Co-op,12000 Market St #264,Reston,VA,20190,290000,1,1.0,SAVOY AT RESTON TOWN CEN,754,,2004,24,385,364,Sold,,,http://www.redfin.com/VA/Reston/12000-Market-St-20190/unit-264/home/9850647,BRIGHT MLS,VAFX1148306,N,Y,38.9602738,-77.3628027
PAST SALE,October-7-2020,Condo/Co-op,11990 Market St #1411,Reston,VA,20190,700000,2,2.0,MIDTOWN AT RESTON TOWN C,1523,,2006,26,460,1058,Sold,,,http://www.redfin.com/VA/Reston/11990-Market-St-20190/unit-1411/home/12074568,BRIGHT MLS,VAFX1146726,N,Y,38.9590789,-77.3610497
PAST SALE,August-12-2020,Condo/Co-op,1519 N Point Dr #304,Reston,VA,20194,340000,2,2.0,NORTH POINT VILLAS CONDO,1191,,1999,82,285,433,Sold,,,http://www.redfin.com/VA/Reston/1519-N-Point-Dr-20194/unit-304/home/168028922,BRIGHT MLS,VAFX1140254,N,Y,38.9795971,-77.3513755
PAST SALE,October-26-2020,Single Family Residential,11571 Embers Ct,Reston,VA,20191,487757,3,2.0,RESTON,2030,5216,1971,7,240,59,Sold,,,http://www.redfin.com/VA/Reston/11571-Embers-Ct-20191/home/9350492,BRIGHT MLS,VAFX1155814,N,Y,38.9278193,-77.3474501
PAST SALE,,Condo/Co-op,1621 Parkcrest Cir Unit 9A200,Reston,VA,20190,309900,2,1.0,,1174,,1973,,264,,,,,http://www.redfin.com/VA/Reston/1621-Parkcrest-Cir-20190/unit-9A200/home/9244411,,,N,Y,38.9586586,-77.3312393
PAST SALE,September-18-2020,Townhouse,11231 Silentwood Ln,Reston,VA,20191,384000,2,1.5,RESTON SEC 76 BLK 2A WHI,1104,840,1984,45,348,90,Sold,,,http://www.redfin.com/VA/Reston/11231-Silentwood-Ln-20191/home/9344486,BRIGHT MLS,VAFX1147548,N,Y,38.934019,-77.335218
PAST SALE,October-20-2020,Townhouse,2385 Southgate Sq,Reston,VA,20191,350000,3,1.5,SOUTHGATE SQUARE CLUSTER,1262,1331,1972,13,277,46,Sold,,,http://www.redfin.com/VA/Reston/2385-Southgate-Sq-20191/home/9323951,BRIGHT MLS,VAFX1155514,N,Y,38.941232,-77.3640594
PAST SALE,October-9-2020,Single Family Residential,11210 Center Post Ct,Reston,VA,20194,849999,4,3.5,RESTON,3226,5259,1993,24,263,208,Sold,,,http://www.redfin.com/VA/Reston/11210-Center-Post-Ct-20194/home/9143093,BRIGHT MLS,VAFX1151358,N,Y,38.9801571,-77.3354711
PAST SALE,October-30-2020,Townhouse,11417 Hollow Timber Way,Reston,VA,20194,722000,3,3.5,RESTON SEC 61 BLK 1 TIMB,3106,4043,1990,3,232,180,Sold,,,http://www.redfin.com/VA/Reston/11417-Hollow-Timber-Way-20194/home/9145030,BRIGHT MLS,VAFX1152298,N,Y,38.979293,-77.342697
PAST SALE,October-29-2020,Condo/Co-op,1574 Moorings Dr Unit 12B,Reston,VA,20190,260000,2,1.5,LAKEVIEW,1014,,1972,4,256,586,Sold,,,http://www.redfin.com/VA/Reston/1574-Moorings-Dr-20190/unit-12B/home/166913730,BRIGHT MLS,VAFX1155156,N,Y,38.966704,-77.337652
PAST SALE,October-2-2020,Townhouse,1657 Poplar Grove Dr,Reston,VA,20194,395000,2,1.5,RESTON SEC 39 BLK 2 BLK,1230,1044,1986,31,321,80,Sold,,,http://www.redfin.com/VA/Reston/1657-Poplar-Grove-Dr-20194/home/9132182,BRIGHT MLS,VAFX1147230,N,Y,38.9779922,-77.3599662
PAST SALE,September-25-2020,Condo/Co-op,11711-A Summerchase Cir Unit 1711-A,Reston,VA,20194,294000,2,1.0,SUMMERRIDGE CONDO,952,,1987,38,309,364,Sold,,,http://www.redfin.com/VA/Reston/11711-Summerchase-Cir-20194/unit-1711A/home/143654214,BRIGHT MLS,VAFX1142268,N,Y,38.979894,-77.352741
PAST SALE,October-30-2020,Condo/Co-op,1540 Moorings Dr Unit 12B,Reston,VA,20190,332000,2,2.0,LAKEVIEW,1014,,1972,3,327,527,Sold,,,http://www.redfin.com/VA/Reston/1540-Moorings-Dr-20190/unit-12B/home/9224612,BRIGHT MLS,VAFX1155512,N,Y,38.967048,-77.33935
PAST SALE,August-28-2020,Townhouse,11011 Saffold Way,Reston,VA,20190,530000,4,2.5,RESTON SEC 9 BLK 4 FAIRF,2304,2457,1969,66,230,110,Sold,,,http://www.redfin.com/VA/Reston/11011-Saffold-Way-20190/home/9240399,BRIGHT MLS,VAFX1143672,N,Y,38.971368,-77.327632
PAST SALE,October-26-2020,Townhouse,1516 Poplar Grove Dr,Reston,VA,20194,460000,3,3.5,RESTON SEC 39 BLK 2 BLK,1767,1411,1986,7,260,80,Sold,,,http://www.redfin.com/VA/Herndon/1516-Poplar-Grove-Dr-20194/home/9132295,BRIGHT MLS,VAFX1158902,N,Y,38.978501,-77.358302
PAST SALE,August-31-2020,Condo/Co-op,2112 Green Watch Way #100,Reston,VA,20191,300000,2,2.0,WOODWINDS CONDO,1220,,1974,63,246,466,Sold,,,http://www.redfin.com/VA/Reston/2112-Green-Watch-Way-20191/unit-100/home/101695935,BRIGHT MLS,VAFX1137752,N,Y,38.9356805,-77.3472033
PAST SALE,October-28-2020,Condo/Co-op,11604 Stoneview Sq Unit 1B,Reston,VA,20191,210000,2,2.0,SHADOWOOD CONDO,894,,1974,5,235,509,Sold,,,http://www.redfin.com/VA/Reston/11604-Stoneview-Sq-20191/unit-1B/home/110063496,BRIGHT MLS,VAFX1154614,N,Y,38.932786,-77.347849
PAST SALE,November-2-2020,Single Family Residential,1281 Golden Eagle Dr,Reston,VA,20194,936000,4,3.5,RESTON,3340,17278,1985,1,280,59,Sold,,,http://www.redfin.com/VA/Reston/1281-Golden-Eagle-Dr-20194/home/9137401,BRIGHT MLS,VAFX1158156,N,Y,38.9860188,-77.3457453
PAST SALE,October-27-2020,Townhouse,1507 Scandia Cir,Reston,VA,20190,550000,3,3.5,RESTON SEC 19 BLK 2 BENT,2536,3500,1973,6,217,105,Sold,,,http://www.redfin.com/VA/Reston/1507-Scandia-Cir-20190/home/9243428,BRIGHT MLS,VAFX1159270,N,Y,38.9609621,-77.3299186
PAST SALE,September-28-2020,Condo/Co-op,1851 Stratford Park Pl #103,Reston,VA,20190,425000,2,2.0,STRATFORD CONDO,1172,,2002,35,363,525,Sold,,,http://www.redfin.com/VA/Reston/1851-Stratford-Park-Pl-20190/unit-103/home/9838024,BRIGHT MLS,VAFX1147196,N,Y,38.9580435,-77.3530798
PAST SALE,September-18-2020,Townhouse,11703 North Shore Dr,Reston,VA,20190,565000,3,3.5,RESTON SEC 7 OF RESUBD P,1472,1586,1969,45,384,201,Sold,,,http://www.redfin.com/VA/Reston/11703-N-Shore-Dr-20190/home/9235836,BRIGHT MLS,VAFX1139972,N,Y,38.958417,-77.347118
PAST SALE,September-15-2020,Single Family Residential,1667 Hunting Crest Way,Vienna,VA,22182,1775000,5,5.5,BACHMAN PROPERTY,6629,80936,2011,48,268,133,Sold,,,http://www.redfin.com/VA/VIENNA/1667-HUNTING-CREST-WAY-22182/home/45404113,BRIGHT MLS,VAFX1090508,N,Y,38.953203,-77.320626
PAST SALE,September-17-2020,Townhouse,11960 Sentinel Point Ct,Reston,VA,20191,485000,3,2.5,RESTON SEC 86 BLK 2,1428,1619,1983,46,340,,Sold,,,http://www.redfin.com/VA/Reston/11960-Sentinel-Point-Ct-20191/home/9355485,BRIGHT MLS,VAFX1148204,N,Y,38.935303,-77.325155
PAST SALE,August-7-2020,Townhouse,11710 Dry River Ct,Reston,VA,20191,500010,3,3.0,RESTON SEC 48 GLADE COUR,1912,1540,1981,87,262,184,Sold,,,http://www.redfin.com/VA/Reston/11710-Dry-River-Ct-20191/home/9335800,BRIGHT MLS,VAFX1137902,N,Y,38.93142,-77.351355
PAST SALE,August-28-2020,Townhouse,11694 Sunrise Square Pl #17,Reston,VA,20191,824900,4,4.5,SUNRISE SQUARE,2775,1193,2020,66,297,195,Sold,,,http://www.redfin.com/VA/Reston/11694-Sunrise-Square-Pl-20191/unit-17/home/170575965,BRIGHT MLS,VAFX1111406,N,Y,38.94867702,-77.34998817
PAST SALE,September-4-2020,Townhouse,11726 Paysons Way,Reston,VA,20191,978657,4,4.0,VALLEY AND PARK,2426,1177,2020,59,403,150,Sold,,,http://www.redfin.com/VA/Reston/11726-Paysons-Way-20191/home/169125317,BRIGHT MLS,VAFX1116434,N,Y,38.9494472,-77.351446
PAST SALE,August-7-2020,Townhouse,2334 Horseferry Ct,Reston,VA,20191,500000,3,2.5,DEEPWOOD BLK D,1780,1400,1974,87,281,140,Sold,,,http://www.redfin.com/VA/Reston/2334-Horseferry-Ct-20191/home/9319919,BRIGHT MLS,VAFX1140838,N,Y,38.9337702,-77.3564111
PAST SALE,September-24-2020,Condo/Co-op,11990 Market St #102,Reston,VA,20190,421000,1,2.0,MIDTOWN AT RESTON TOWN C,910,,2006,39,463,629,Sold,,,http://www.redfin.com/VA/Reston/11990-Market-St-20190/unit-102/home/12073143,BRIGHT MLS,VAFX1132282,N,Y,38.9590789,-77.3610497
PAST SALE,October-20-2020,Condo/Co-op,12001 Market St #160,Reston,VA,20190,482000,2,2.0,MARKET STREET AT TOWN CE,1208,,2003,13,399,508,Sold,,,http://www.redfin.com/VA/Reston/12001-Market-St-20190/unit-160/home/9849050,BRIGHT MLS,VAFX1154488,N,Y,38.958028,-77.362359
PAST SALE,September-18-2020,Condo/Co-op,11729 Ledura Ct Unit T1,Reston,VA,20191,305000,2,2.0,SPRINGWOOD,1125,,1977,45,271,421,Sold,,,http://www.redfin.com/VA/Reston/11729-Ledura-Ct-20191/unit-T1/home/9342519,BRIGHT MLS,VAFX1142846,N,Y,38.9353516,-77.3510318
PAST SALE,September-9-2020,Condo/Co-op,12000 Market St #202,Reston,VA,20190,535000,3,2.0,SAVOY AT RESTON TWN CNTR,1483,,2004,54,361,567,Sold,,,http://www.redfin.com/VA/Reston/12000-Market-St-20190/unit-202/home/9848753,BRIGHT MLS,VAFX1139294,N,Y,38.9602738,-77.3628027
PAST SALE,October-26-2020,Condo/Co-op,12905 Centre Park Cir #310,Herndon,VA,20171,370000,3,2.0,BRYSON AT WOODLAND PARK,1196,,2005,7,309,454,Sold,,,http://www.redfin.com/VA/Herndon/12905-Centre-Park-Cir-20171/unit-310/home/9855363,BRIGHT MLS,VAFX1157224,N,Y,38.9493983,-77.39306
PAST SALE,August-13-2020,Townhouse,11725 Dry River Ct,Reston,VA,20191,520000,3,3.5,RESTON SEC 48 GLADE COUR,1452,1540,1980,81,358,132,Sold,,,http://www.redfin.com/VA/Reston/11725-Dry-River-Ct-20191/home/9335765,BRIGHT MLS,VAFX1141384,N,Y,38.9308675,-77.3517232
PAST SALE,September-25-2020,Single Family Residential,2215 Sanibel Dr,Reston,VA,20191,465168,3,2.0,RESTON,1490,5635,1976,38,312,59,Sold,,,http://www.redfin.com/VA/Reston/2215-Sanibel-Dr-20191/home/9324690,BRIGHT MLS,VAFX1145316,N,Y,38.9439507,-77.3682646
PAST SALE,September-30-2020,Single Family Residential,2302 Archdale Rd,Reston,VA,20191,565000,4,2.0,STRATTON WOODS,1862,20000,1977,33,303,35,Sold,,,http://www.redfin.com/VA/Reston/2302-Archdale-Rd-20191/home/9203984,BRIGHT MLS,VAFX1142894,N,Y,38.9447213,-77.3792423
PAST SALE,August-26-2020,Condo/Co-op,12165 Abington Hall Pl #302,Reston,VA,20190,445000,3,2.0,MADISON PARK AT,1336,,2000,68,333,400,Sold,,,http://www.redfin.com/VA/Reston/12165-Abington-Hall-Pl-20190/unit-302/home/9832681,BRIGHT MLS,VAFX1137038,N,Y,38.9599506,-77.3662342
PAST SALE,September-4-2020,Condo/Co-op,12000 Market St #417,Reston,VA,20190,357500,1,1.0,SAVOY AT RESTON TOWN CEN,873,,2004,59,410,405,Sold,,,http://www.redfin.com/VA/Reston/12000-Market-St-20190/unit-417/home/9848897,BRIGHT MLS,VAFX1140178,N,Y,38.9602738,-77.3628027
PAST SALE,September-25-2020,Condo/Co-op,11760 Sunrise Valley Dr #805,Reston,VA,20191,274900,1,1.0,MERCER A CONDO,690,,2006,38,398,434,Sold,,,http://www.redfin.com/VA/Reston/11760-Sunrise-Valley-Dr-20191/unit-805/home/17112638,BRIGHT MLS,VAFX1144006,N,Y,38.9497211,-77.3522835
PAST SALE,October-5-2020,Single Family Residential,12702 Roark Ct,Reston,VA,20191,725000,5,3.5,POLO FIELDS,3276,12648,1989,28,221,103,Sold,,,http://www.redfin.com/VA/Reston/12702-Roark-Ct-20191/home/9203460,BRIGHT MLS,VAFX1152692,N,Y,38.9500841,-77.3821239
PAST SALE,October-15-2020,Single Family Residential,11943 Riders Ln,Reston,VA,20191,715000,5,3.0,FOX MILL WOODS,2670,16640,1978,18,268,,Sold,,,http://www.redfin.com/VA/Reston/11943-Riders-Ln-20191/home/9347689,BRIGHT MLS,VAFX1156106,N,Y,38.9196658,-77.3624333
PAST SALE,October-20-2020,Single Family Residential,11109 Glade Dr,Reston,VA,20191,961000,4,4.0,RESTON,4286,33613,1983,13,224,59,Sold,,,http://www.redfin.com/VA/Reston/11109-Glade-Dr-20191/home/9360395,BRIGHT MLS,VAFX1153864,N,Y,38.929279,-77.326792
PAST SALE,August-14-2020,Townhouse,11551 Hearthstone Ct,Reston,VA,20191,490000,3,3.0,RESTON SEC 56 BLK 1 SOAP,1466,1650,1972,80,334,125,Sold,,,http://www.redfin.com/VA/Reston/11551-Hearthstone-Ct-20191/home/9350921,BRIGHT MLS,VAFX1141694,N,Y,38.9280339,-77.343754
PAST SALE,,Condo/Co-op,11566 Rolling Green Ct #12,Reston,VA,20191,264000,2,2.0,,1220,,1978,,216,,,,,http://www.redfin.com/VA/Reston/11566-Rolling-Green-Ct-20191/unit-12/home/9343002,,,N,Y,38.93442,-77.345229
PAST SALE,September-11-2020,Condo/Co-op,1951 Sagewood Ln #126,Reston,VA,20191,148500,1,1.0,THOREAU PLACE,696,,1985,52,213,592,Sold,,,http://www.redfin.com/VA/Reston/1951-Sagewood-Ln-20191/unit-126/home/9357598,BRIGHT MLS,VAFX1140882,N,Y,38.9399294,-77.3279226
PAST SALE,August-12-2020,Condo/Co-op,1951 Sagewood Ln #18,Reston,VA,20191,135000,1,1.0,THOREAU PLACE CONDO,657,,1985,82,205,561,Sold,,,http://www.redfin.com/VA/Reston/1951-Sagewood-Ln-20191/unit-18/home/9357511,BRIGHT MLS,VAFX1112182,N,Y,38.9399294,-77.3279226
PAST SALE,October-19-2020,Townhouse,11253 Silentwood Ln,Reston,VA,20191,360000,2,2.5,RESTON SEC 76 BLK 2A WHI,816,977,1984,14,441,147,Sold,,,http://www.redfin.com/VA/Reston/11253-Silentwood-Ln-20191/home/9344441,BRIGHT MLS,VAFX1150596,N,Y,38.933569,-77.335128
PAST SALE,August-26-2020,Townhouse,13019 Park Crescent Cir,Herndon,VA,20171,455000,3,3.0,WOODLAND PARK SEC 2,1662,1702,1999,68,274,145,Sold,,,http://www.redfin.com/VA/Herndon/13019-Park-Crescent-Cir-20171/home/9208292,BRIGHT MLS,VAFX1136994,N,Y,38.946313,-77.39391
PAST SALE,August-24-2020,Townhouse,12917 Sunrise Ridge Aly,Herndon,VA,20171,537255,3,2.5,Herndon,1633,,2020,70,329,226,Sold,,,http://www.redfin.com/VA/Herndon/12917-Sunrise-Ct-20170/home/173073498,BRIGHT MLS,VAFX1153234,N,Y,38.95030386,-77.39259967
PAST SALE,September-18-2020,Townhouse,11040 Granby Ct,Reston,VA,20191,416000,2,2.0,RESTON SEC 82 BLK 1A,960,1440,1983,45,433,132,Sold,,,http://www.redfin.com/VA/Reston/11040-Granby-Ct-20191/home/9355158,BRIGHT MLS,VAFX1143834,N,Y,38.9403239,-77.326647
PAST SALE,October-20-2020,Single Family Residential,11050 Birdfoot Ln,Reston,VA,20191,1175000,5,4.0,RACCOON RIDGE,4976,80046,1980,13,236,,Sold,,,http://www.redfin.com/VA/Reston/11050-Birdfoot-Ln-20191/home/9360656,BRIGHT MLS,VAFX1155298,N,Y,38.9235158,-77.3278209
PAST SALE,August-21-2020,Single Family Residential,11403 Fieldstone Ln,Reston,VA,20191,1100000,4,4.0,RESTON,3652,56499,1986,73,301,59,Sold,,,http://www.redfin.com/VA/Reston/11403-Fieldstone-Ln-20191/home/9350229,BRIGHT MLS,VAFX1139742,N,Y,38.9174141,-77.3373331
PAST SALE,October-9-2020,Townhouse,11120 Boathouse Ct #91,Reston,VA,20191,415000,2,2.5,DOCKSIDE CONDO,1120,,1982,24,371,424,Sold,,,http://www.redfin.com/VA/Reston/11120-Boathouse-Ct-20191/unit-91/home/9356253,BRIGHT MLS,VAFX1145908,N,Y,38.933853,-77.3293937
PAST SALE,August-12-2020,Condo/Co-op,1951 Sagewood Ln #315,Reston,VA,20191,189000,2,2.0,THOREAU PLACE CONDO,1014,,1985,82,186,835,Sold,,,http://www.redfin.com/VA/Reston/1951-Sagewood-Ln-20191/unit-315/home/9357780,BRIGHT MLS,VAFX1130762,N,Y,38.9399294,-77.3279226
PAST SALE,October-2-2020,Townhouse,2040 Headlands Cir,Reston,VA,20191,563600,3,3.5,BOSTON RIDGE CLUSTER,1856,1890,1978,31,304,59,Sold,,,http://www.redfin.com/VA/Reston/2040-Headlands-Cir-20191/home/9341663,BRIGHT MLS,VAFX1150840,N,Y,38.941058,-77.336952
PAST SALE,September-30-2020,Single Family Residential,11426 Tanbark Dr,Reston,VA,20191,695000,4,2.5,RESTON,3167,10763,1981,33,219,59,Sold,,,http://www.redfin.com/VA/Reston/11426-Tanbark-Dr-20191/home/9351852,BRIGHT MLS,VAFX1144060,N,Y,38.9303811,-77.3389707
PAST SALE,,Condo/Co-op,1907 Villaridge Dr Unit B,Reston,VA,20191,342000,2,2.0,,1220,,1985,,280,,,,,http://www.redfin.com/VA/Reston/1907-Villaridge-Dr-20191/unit-B/home/9356607,,,N,Y,38.938062,-77.327025
PAST SALE,,Condo/Co-op,2060 Royal Fern Ct #27,Reston,VA,20191,213000,1,1.0,,860,,1973,,248,,,,,http://www.redfin.com/VA/Reston/2060-Royal-Fern-Ct-20191/unit-27/home/9233475,,,N,Y,38.944873,-77.359548
PAST SALE,August-14-2020,Townhouse,11077 Saffold Way,Reston,VA,20190,530000,4,3.5,RESTON,1958,,1970,80,271,110,Sold,,,http://www.redfin.com/VA/Reston/11077-Saffold-Way-20190/home/9240227,BRIGHT MLS,VAFX1140672,N,Y,38.970878,-77.328331
PAST SALE,September-30-2020,Condo/Co-op,1984-A Villaridge Dr,Reston,VA,20191,305000,2,1.0,VILLARIDGE CONDO,990,,1986,33,308,386,Sold,,,http://www.redfin.com/VA/Reston/1984A-Villaridge-Dr-20191/home/172976309,BRIGHT MLS,VAFX1151478,N,Y,38.9386297,-77.3284659
PAST SALE,September-30-2020,Townhouse,1502 Scandia Cir,Reston,VA,20190,530000,5,3.5,RESTON SEC 19 BLK 2 BENT,2834,2335,1973,33,187,105,Sold,,,http://www.redfin.com/VA/Reston/1502-Scandia-Cir-20190/home/9243167,BRIGHT MLS,VAFX1130628,N,Y,38.9613489,-77.3302439
PAST SALE,August-28-2020,Single Family Residential,11670 Stockbridge Ln,Reston,VA,20194,640000,3,2.5,RESTON,1814,6921,1982,66,353,59,Sold,,,http://www.redfin.com/VA/Reston/11670-Stockbridge-Ln-20194/home/9227086,BRIGHT MLS,VAFX1139824,N,Y,38.9699891,-77.3507363
PAST SALE,September-17-2020,Townhouse,1606 Waters Edge Ln,Reston,VA,20190,890000,6,4.5,RESTON SEC 17 BLK 2A,2624,3566,1971,46,339,226,Sold,,,http://www.redfin.com/VA/Reston/1606-Waters-Edge-Ln-20190/home/9224101,BRIGHT MLS,VAFX1116030,N,Y,38.966646,-77.338978
PAST SALE,October-23-2020,Single Family Residential,10903 Equestrian Ct,Reston,VA,20190,900000,4,3.5,EQUESTRIAN PARK,3478,52000,1979,10,259,13,Sold,,,http://www.redfin.com/VA/Reston/10903-Equestrian-Ct-20190/home/9249438,BRIGHT MLS,VAFX1153648,N,Y,38.9497023,-77.3204844
PAST SALE,October-22-2020,Townhouse,1648 Bandit Loop,Reston,VA,20190,792465,3,3.5,Tall Oaks at North Shore,2527,1584,2020,11,314,42,Sold,,,http://www.redfin.com/VA/Reston/1648-Bandit-Loop-20190/home/172388857,BRIGHT MLS,VAFX1163514,N,Y,38.9587977,-77.332676
PAST SALE,October-23-2020,Condo/Co-op,11196 Beaver Trail Ct,Reston,VA,20191,277000,1,1.0,NANTUCKET AT RESTON COND,951,,1985,10,291,431,Sold,,,http://www.redfin.com/VA/Reston/11196-Beaver-Trail-Ct-20191/home/9357426,BRIGHT MLS,VAFX1147092,N,Y,38.933599,-77.329999
PAST SALE,,Condo/Co-op,11990 Market St #214,Reston,VA,20190,1045000,2,2.0,,1169,,2006,,894,,,,,http://www.redfin.com/VA/Reston/11990-Market-St-20190/unit-214/home/17112401,,,N,Y,38.9590789,-77.3610497
PAST SALE,September-7-2020,Condo/Co-op,12025 New Dominion Pkwy #306,Reston,VA,20190,408500,1,1.0,MIDTOWN NORTH CONDO,1008,,2007,56,405,687,Sold,,,http://www.redfin.com/VA/Reston/12025-New-Dominion-Pkwy-20190/unit-306/home/17111615,BRIGHT MLS,VAFX1130910,N,Y,38.9603517,-77.3608333
PAST SALE,September-21-2020,Townhouse,1614 Bandit Loop,Reston,VA,20190,599990,2,2.5,TALL OAKS,1608,,2020,42,373,231,Sold,,,http://www.redfin.com/VA/Herndon/1614-Bandit-LOOP-20190/home/172652107,BRIGHT MLS,VAFX1145890,N,Y,38.95921553,-77.33332554
PAST SALE,October-9-2020,Condo/Co-op,2312 Freetown Ct Unit 1B,Reston,VA,20191,225500,2,1.0,GLENVALE,884,,1973,24,255,385,Sold,,,http://www.redfin.com/VA/Reston/2312-Freetown-Ct-20191/unit-1B/home/156144713,BRIGHT MLS,VAFX1151964,N,Y,38.9380045,-77.3662241
PAST SALE,August-7-2020,Condo/Co-op,11406 Washington Plz W,Reston,VA,20190,310000,2,1.0,LAKE ANNE OF RESTON COND,1026,,1966,87,302,1084,Sold,,,http://www.redfin.com/VA/Reston/11406-Washington-Plz-W-20190/home/9226185,BRIGHT MLS,VAFX1133152,N,Y,38.968274,-77.341173
PAST SALE,October-2-2020,Single Family Residential,12635 Etruscan Dr,Herndon,VA,20171,525000,3,2.0,FOX MILL ESTATES,1692,11684,1979,31,310,13,Sold,,,http://www.redfin.com/VA/Herndon/12635-Etruscan-Dr-20171/home/9295831,BRIGHT MLS,VAFX1151354,N,Y,38.9383138,-77.383873
PAST SALE,August-28-2020,Townhouse,11510 Waterhaven Ct,Reston,VA,20190,665000,3,3.0,TOWNES AT WATERFORD,3004,1794,1998,66,221,59,Sold,,,http://www.redfin.com/VA/Reston/11510-Waterhaven-Ct-20190/home/9231474,BRIGHT MLS,VAFX1134940,N,Y,38.964253,-77.343432
PAST SALE,August-19-2020,Townhouse,1604 Waters Edge Ln,Reston,VA,20190,875000,6,4.5,RESTON SEC 17 BLK 2A,2400,3672,1971,75,365,59,Sold,,,http://www.redfin.com/VA/Reston/1604-Waters-Edge-Ln-20190/home/9224108,BRIGHT MLS,VAFX1138714,N,Y,38.966681,-77.339061
PAST SALE,October-15-2020,Single Family Residential,1564 Regatta Ln,Reston,VA,20194,889000,4,3.5,RESTON,3040,5427,1988,18,292,125,Sold,,,http://www.redfin.com/VA/Reston/1564-Regatta-Ln-20194/home/9227593,BRIGHT MLS,VAFX1152060,N,Y,38.9720548,-77.3453415
PAST SALE,October-30-2020,Townhouse,1973 Roland Clarke Pl,Reston,VA,20191,995000,4,4.5,SUNRISE SQUARE,2836,1502,2018,3,351,195,Sold,,,http://www.redfin.com/VA/Reston/1973-Roland-Clarke-Pl-20191/home/146095197,BRIGHT MLS,VAFX1139576,N,Y,38.9489592,-77.3503196
PAST SALE,October-16-2020,Single Family Residential,11489 Bingham Ter,Reston,VA,20191,700000,5,3.0,RESTON,2944,16417,1975,17,238,50,Sold,,,http://www.redfin.com/VA/Reston/11489-Bingham-Ter-20191/home/9334137,BRIGHT MLS,VAFX1155550,N,Y,38.9387794,-77.344534
PAST SALE,October-15-2020,Townhouse,1915 Belmont Ridge Ct,Reston,VA,20191,382500,3,2.0,RESTON SEC 82 BLK 4,915,995,1983,18,418,103,Sold,,,http://www.redfin.com/VA/Reston/1915-Belmont-Ridge-Ct-20191/home/9354907,BRIGHT MLS,VAFX1152506,N,Y,38.9411281,-77.3283706
PAST SALE,August-14-2020,Single Family Residential,2624 Mountain Laurel Pl,Reston,VA,20191,795000,5,3.0,FOX MILL WOODS,3105,15011,1977,80,256,,Sold,,,http://www.redfin.com/VA/Reston/2624-Mountain-Laurel-Pl-20191/home/9347614,BRIGHT MLS,VAFX1139254,N,Y,38.9201522,-77.3615586
PAST SALE,August-4-2020,Townhouse,11276 Silentwood Ln,Reston,VA,20191,410000,3,2.5,RESTON SEC 76 BLK 2A WHI,1400,893,1985,90,293,90,Sold,,,http://www.redfin.com/VA/Reston/11276-Silentwood-Ln-20191/home/9344737,BRIGHT MLS,VAFX1136318,N,Y,38.933299,-77.335756
PAST SALE,October-19-2020,Single Family Residential,12626 Thunder Chase Dr,Reston,VA,20191,620000,4,2.5,POLO FIELDS,1852,10330,1984,14,335,58,Sold,,,http://www.redfin.com/VA/Reston/12626-Thunder-Chase-Dr-20191/home/9202124,BRIGHT MLS,VAFX1152014,N,Y,38.9456837,-77.3822585
PAST SALE,,Condo/Co-op,11652 Stoneview Sq #92,Reston,VA,20191,235200,3,2.0,,1029,,1974,,229,,,,,http://www.redfin.com/VA/Reston/11652-Stoneview-Sq-20191/unit-92/home/9339489,,,N,Y,38.932794,-77.349293
PAST SALE,September-29-2020,Single Family Residential,1958 Barton Hill Rd,Reston,VA,20191,880000,4,3.5,RESTON,3471,16180,1978,34,254,53,Sold,,,http://www.redfin.com/VA/Reston/1958-Barton-Hill-Rd-20191/home/9353344,BRIGHT MLS,VAFX1144902,N,Y,38.9345929,-77.3225036
PAST SALE,October-2-2020,Single Family Residential,1990 Solaridge Ct,Reston,VA,20191,750000,3,2.5,RESTON,2629,4538,1984,31,285,193,Sold,,,http://www.redfin.com/VA/Reston/1990-Solaridge-Ct-20191/home/9355337,BRIGHT MLS,VAFX1153064,N,Y,38.9362861,-77.326587
PAST SALE,August-28-2020,Townhouse,11853 Dunlop Ct,Reston,VA,20191,481000,4,2.5,DEEPWOOD BLK D,1360,1400,1972,66,354,105,Sold,,,http://www.redfin.com/VA/Reston/11853-Dunlop-Ct-20191/home/9319514,BRIGHT MLS,VAFX1135272,N,Y,38.932184,-77.355554
PAST SALE,,Condo/Co-op,11614 Ivystone Ct #5,Reston,VA,20191,290000,2,2.0,,1141,,1974,,254,,,,,http://www.redfin.com/VA/Reston/11614-Ivystone-Ct-20191/unit-5/home/9336190,,,N,Y,38.9348496,-77.3472211
PAST SALE,October-6-2020,Condo/Co-op,1902-A Villaridge Dr,Reston,VA,20191,255000,1,1.0,VILLARIDGE CONDO,840,,1985,27,304,399,Sold,,,http://www.redfin.com/VA/Reston/1902A-Villaridge-Dr-20191/unit-A/home/113382458,BRIGHT MLS,VAFX1150568,N,Y,38.938114,-77.326378
PAST SALE,October-23-2020,Single Family Residential,12106 Quorn Ln,Reston,VA,20191,603345,4,2.5,RESTON,2678,9984,1971,10,225,184,Sold,,,http://www.redfin.com/VA/Reston/12106-Quorn-Ln-20191/home/9347209,BRIGHT MLS,VAFX1155244,N,Y,38.9306765,-77.3691168
PAST SALE,October-27-2020,Single Family Residential,12517 Fox View Way,Reston,VA,20191,715000,3,3.5,THE COURTS OF FOX MILL,2528,5969,1996,6,283,143,Sold,,,http://www.redfin.com/VA/Reston/12517-Fox-View-Way-20191/home/9300830,BRIGHT MLS,VAFX1151762,N,Y,38.934415,-77.377594
PAST SALE,September-11-2020,Single Family Residential,11216 Leatherwood Dr,Reston,VA,20191,690000,4,3.0,RESTON,2294,16500,1970,52,301,59,Sold,,,http://www.redfin.com/VA/Reston/11216-Leatherwood-Dr-20191/home/9349508,BRIGHT MLS,VAFX1140474,N,Y,38.9229812,-77.3330033
PAST SALE,October-27-2020,Townhouse,2261 Wheelwright Ct,Reston,VA,20191,445000,4,3.5,RESTON SEC 50 BLK 6 WHEE,1650,1595,1974,6,270,50,Sold,,,http://www.redfin.com/VA/Reston/2261-Wheelwright-Ct-20191/home/9337782,BRIGHT MLS,VAFX1143682,N,Y,38.93476,-77.352493
PAST SALE,October-26-2020,Single Family Residential,12264 Turkey Wing Ct,Reston,VA,20191,508000,4,3.0,RESTON,1606,3021,1974,7,316,83,Sold,,,http://www.redfin.com/VA/Reston/12264-Turkey-Wing-Ct-20191/home/9232804,BRIGHT MLS,VAFX1156514,N,Y,38.9447704,-77.3739162
PAST SALE,October-29-2020,Single Family Residential,10725 Midsummer Dr,Reston,VA,20191,760000,3,2.5,RESTON,2340,24215,1979,4,325,57,Sold,,,http://www.redfin.com/VA/Reston/10725-Midsummer-Dr-20191/home/9352941,BRIGHT MLS,VAFX1156540,N,Y,38.9351732,-77.3179265
PAST SALE,October-29-2020,Townhouse,2201 Cartwright Pl,Reston,VA,20191,349900,2,1.5,RESTON SEC 50 BLK 1,1197,1712,1974,4,292,75,Sold,,,http://www.redfin.com/VA/Reston/2201-Cartwright-Pl-20191/home/9337427,BRIGHT MLS,VAFX1155234,N,Y,38.938966,-77.353351
PAST SALE,October-23-2020,Single Family Residential,2269 Compass Point Ln,Reston,VA,20191,715000,4,3.0,RESTON,2028,9755,1983,10,353,59,Sold,,,http://www.redfin.com/VA/Reston/2269-Compass-Point-Ln-20191/home/9351995,BRIGHT MLS,VAFX1155506,N,Y,38.9271099,-77.3336764
PAST SALE,August-18-2020,Townhouse,12198 Sanibel Ct,Reston,VA,20191,330000,2,1.5,RESTON SEC 38B BLK 9 SAN,1197,1610,1972,76,276,93,Sold,,,http://www.redfin.com/VA/Reston/12198-Sanibel-Ct-20191/home/9325121,BRIGHT MLS,VAFX1138728,N,Y,38.943373,-77.36819
PAST SALE,September-30-2020,Townhouse,2382 Generation Dr,Reston,VA,20191,475000,3,3.0,GENERATION SEC 3 BLK 1C,1434,1700,1974,33,331,127,Sold,,,http://www.redfin.com/VA/Reston/2382-Generation-Dr-20191/home/9351462,BRIGHT MLS,VAFX1152704,N,Y,38.92771,-77.350753
PAST SALE,October-2-2020,Condo/Co-op,11821 Breton Ct Unit 22D,Reston,VA,20191,250000,2,1.0,HUNTERS WOODS VILLAGE CO,1073,,1972,31,233,399,Sold,,,http://www.redfin.com/VA/Reston/11821-Breton-Ct-20191/unit-22D/home/9332132,BRIGHT MLS,VAFX1146400,N,Y,38.9349319,-77.360325
PAST SALE,October-16-2020,Single Family Residential,2274 Cocquina Dr,Reston,VA,20191,475000,3,2.5,RESTON,1414,2803,1975,17,336,59,Sold,,,http://www.redfin.com/VA/Reston/2274-Cocquina-Dr-20191/home/9231826,BRIGHT MLS,VAFX1152744,N,Y,38.9464015,-77.3742414
PAST SALE,September-30-2020,Single Family Residential,2343 Citation Ct,Reston,VA,20191,730000,5,3.0,RESTON,3070,11814,1969,33,238,59,Sold,,,http://www.redfin.com/VA/Reston/2343-Citation-Ct-20191/home/9318487,BRIGHT MLS,VAFX1152590,N,Y,38.9339278,-77.3645916
PAST SALE,October-5-2020,Condo/Co-op,12945 Centre Park Cir #412,Herndon,VA,20171,323000,2,2.0,BRYSON AT WOODLAND PARK,1031,,2005,28,313,405,Sold,,,http://www.redfin.com/VA/Herndon/12945-Centre-Park-Cir-20171/unit-412/home/12074359,BRIGHT MLS,VAFX1151564,N,Y,38.9503371,-77.3911444
PAST SALE,October-2-2020,Single Family Residential,2344 Paddock Ln,Reston,VA,20191,740000,4,2.0,RESTON,2776,,1970,31,267,58,Sold,,,http://www.redfin.com/VA/Reston/2344-Paddock-Ln-20191/home/9318521,BRIGHT MLS,VAFX1150798,N,Y,38.9330036,-77.3633196
PAST SALE,October-30-2020,Townhouse,2358 Antiqua Ct,Reston,VA,20191,372000,3,2.5,RESTON SEC 36 BLK 4A PIN,1188,1342,1973,3,313,94,Sold,,,http://www.redfin.com/VA/Reston/2358-Antiqua-Ct-20191/home/9327841,BRIGHT MLS,VAFX1154298,N,Y,38.938342,-77.3704769
PAST SALE,August-28-2020,Single Family Residential,12102 Loveless Ln,Herndon,VA,20171,605000,2,1.0,LOVELESS,936,52142,1966,66,646,,Sold,,,http://www.redfin.com/VA/Herndon/12102-Loveless-Ln-20171/home/9435647,BRIGHT MLS,VAFX1128698,N,Y,38.9104873,-77.3636893
PAST SALE,September-30-2020,Townhouse,2050 Winged Foot Ct,Reston,VA,20191,480000,3,2.5,RESTON SEC 44 BLK 1C GLE,1405,1760,1977,33,342,105,Sold,,,http://www.redfin.com/VA/Reston/2050-Winged-Foot-Ct-20191/home/9334636,BRIGHT MLS,VAFX1150348,N,Y,38.939787,-77.346934
PAST SALE,August-7-2020,Single Family Residential,2421 Bramblebush Ct,Reston,VA,20191,602400,5,3.0,RESTON,2434,24799,1971,87,247,59,Sold,,,http://www.redfin.com/VA/Reston/2421-Bramblebush-Ct-20191/home/9350025,BRIGHT MLS,VAFX1137230,N,Y,38.9200454,-77.3415505
PAST SALE,September-30-2020,Townhouse,2080 Golf Course Dr,Reston,VA,20191,489900,3,2.5,GOLF COURSE SQUARE CLUST,1584,1300,1972,33,309,93,Sold,,,http://www.redfin.com/VA/Reston/2080-Golf-Course-Dr-20191/home/9335425,BRIGHT MLS,VAFX1145990,N,Y,38.9418975,-77.3521427
PAST SALE,October-26-2020,Condo/Co-op,11611 Stoneview Sq Unit 11C,Reston,VA,20191,239000,3,2.0,SHADOWOOD CONDO,1029,,1974,7,232,559,Sold,,,http://www.redfin.com/VA/Reston/11611-Stoneview-Sq-20191/unit-11C/home/147066462,BRIGHT MLS,VAFX1130636,N,Y,38.931585,-77.347334
PAST SALE,September-25-2020,Condo/Co-op,2217-L Lovedale Ln Unit 211A,Reston,VA,20191,374000,2,1.0,BRISTOL HOUSE CONDO,1402,,1986,38,267,399,Sold,,,http://www.redfin.com/VA/Reston/2217L-Lovedale-Ln-20191/unit-211A/home/52309768,BRIGHT MLS,VAFX1148418,N,Y,38.9341269,-77.350302
PAST SALE,October-14-2020,Single Family Residential,11803 Tree Fern Ct,Reston,VA,20191,789000,5,3.5,FOX MILL WOODS,3049,15390,1972,19,259,,Sold,,,http://www.redfin.com/VA/Reston/11803-Tree-Fern-Ct-20191/home/9347246,BRIGHT MLS,VAFX1153694,N,Y,38.9214003,-77.3544485
PAST SALE,October-29-2020,Condo/Co-op,2116 Green Watch Way #200,Reston,VA,20191,315000,2,2.0,WOODWINDS CONDO,1141,,1974,4,276,440,Sold,,,http://www.redfin.com/VA/Reston/2116-Green-Watch-Way-20191/unit-200/home/173379142,BRIGHT MLS,VAFX1160668,N,Y,38.9354593,-77.347595
PAST SALE,August-17-2020,Single Family Residential,11822 Blue Spruce Rd,Reston,VA,20191,710000,4,2.5,FOX MILL WOODS,2299,15282,1974,77,309,,Sold,,,http://www.redfin.com/VA/Reston/11822-Blue-Spruce-Rd-20191/home/9347352,BRIGHT MLS,VAFX1141102,N,Y,38.9201975,-77.3559289
PAST SALE,September-16-2020,Condo/Co-op,2237-C Lovedale Ln Unit 408B,Reston,VA,20191,330000,2,2.0,BRISTOL HOUSE CONDO,1232,,1986,47,268,399,Sold,,,http://www.redfin.com/VA/Reston/2237-Lovedale-Ln-20191/unit-408B/home/9345084,BRIGHT MLS,VAFX1145208,N,Y,38.933115,-77.350671
PAST SALE,September-14-2020,Condo/Co-op,1405 Northgate Sq Unit 21C,Reston,VA,20190,281199,3,2.0,NORTHGATE CONDO,1234,,1971,49,228,520,Sold,,,http://www.redfin.com/VA/Reston/1405-Northgate-Sq-20190/unit-21C/home/105531925,BRIGHT MLS,VAFX1127944,N,Y,38.970715,-77.335358
PAST SALE,August-31-2020,Condo/Co-op,11713-D Summerchase Cir Unit 1713-D,Reston,VA,20194,318000,2,2.0,SUMMERRIDGE CONDO,1042,,1987,63,305,364,Sold,,,http://www.redfin.com/VA/Reston/11713-Summerchase-Cir-20194/unit-1713-D/home/144039461,BRIGHT MLS,VAFX1128712,N,Y,38.97962,-77.352635
PAST SALE,September-2-2020,Single Family Residential,11021 Burywood Ln,Reston,VA,20194,687000,3,2.5,ASCOT,2022,25000,1984,61,340,13,Sold,,,http://www.redfin.com/VA/Reston/11021-Burywood-Ln-20194/home/9158148,BRIGHT MLS,VAFX1137602,N,Y,38.9788929,-77.327619
PAST SALE,August-19-2020,Townhouse,1320 Park Garden Ln,Reston,VA,20194,630000,3,3.0,RESTON SEC 63 BLK 2,2862,2400,1993,75,220,97,Sold,,,http://www.redfin.com/VA/Reston/1320-Park-Garden-Ln-20194/home/9148272,BRIGHT MLS,VAFX1139984,N,Y,38.982097,-77.344384
PAST SALE,October-23-2020,Townhouse,1342 Sundial Dr,Reston,VA,20194,650000,3,3.0,RESTON SEC 61 BLK 3 PARK,2027,1840,1993,10,321,160,Sold,,,http://www.redfin.com/VA/Reston/1342-Sundial-Dr-20194/home/9146350,BRIGHT MLS,VAFX1152554,N,Y,38.9823256,-77.3388697
PAST SALE,,Condo/Co-op,1501 N Point Dr Unit 8-030,Reston,VA,20194,359500,3,2.0,,1300,,1999,,277,,,,,http://www.redfin.com/VA/Reston/1501-N-Point-Dr-20194/unit-8-030/home/9855272,,,N,Y,38.9805527,-77.3524073
PAST SALE,September-10-2020,Condo/Co-op,11401 Gate Hill Pl Unit 68 (E),Reston,VA,20194,425000,2,2.0,SUTTON RIDGE CONDO,1360,,1997,53,313,310,Sold,,,http://www.redfin.com/VA/Reston/11401-Gate-Hill-Pl-20194/unit-68/home/9149524,BRIGHT MLS,VAFX1142412,N,Y,38.9849966,-77.3417775
PAST SALE,August-14-2020,Condo/Co-op,11318 Sundial Ct #813,Reston,VA,20194,280000,2,1.0,BALDWIN GROVE CONDO,788,,1995,80,355,348,Sold,,,http://www.redfin.com/VA/Reston/11318-Sundial-Ct-20194/unit-813/home/9147902,BRIGHT MLS,VAFX1122586,N,Y,38.9820761,-77.3380215
PAST SALE,October-16-2020,Townhouse,11714 Great Owl Cir,Reston,VA,20194,595000,3,3.5,RESTON SEC 55 BLK 3B,1706,2340,1991,17,349,100,Sold,,,http://www.redfin.com/VA/Reston/11714-Great-Owl-Cir-20194/home/9140464,BRIGHT MLS,VAFX1154442,N,Y,38.9821701,-77.3504222
PAST SALE,,Condo/Co-op,1710 Abercromby Ct Unit 1710K,Reston,VA,20190,296000,2,2.0,,947,,1985,,313,,,,,http://www.redfin.com/VA/Reston/1710-Abercromby-Ct-20190/unit-1710K/home/9855404,,,N,Y,38.963254,-77.353296
PAST SALE,August-17-2020,Single Family Residential,1423 Belcastle Ct,Reston,VA,20194,942000,3,2.5,RESTON,3354,8104,1993,77,281,283,Sold,,,http://www.redfin.com/VA/Reston/1423-Belcastle-Ct-20194/home/9147070,BRIGHT MLS,VAFX1140086,N,Y,38.9761531,-77.3408326
PAST SALE,September-11-2020,Townhouse,11550 Hemingway Dr,Reston,VA,20194,712000,4,3.5,RESTON SEC 33 BLK 7A HEM,2722,3065,1991,52,262,169,Sold,,,http://www.redfin.com/VA/Reston/11550-Hemingway-Dr-20194/home/9135980,BRIGHT MLS,VAFX1129702,N,Y,38.977791,-77.3427619
PAST SALE,October-30-2020,Condo/Co-op,11260 Chestnut Grove Sq #339,Reston,VA,20190,247000,2,1.0,CHESTNUT GROVE CONDO,980,,1972,3,252,562,Sold,,,http://www.redfin.com/VA/Reston/11260-Chestnut-Grove-Sq-20190/unit-339/home/9239415,BRIGHT MLS,VAFX1153748,N,Y,38.9551471,-77.3334458
PAST SALE,October-30-2020,Townhouse,1555 Brookshire Ct,Reston,VA,20190,439000,2,2.0,RESTON RESUB BLK 1 SEC 5,1400,1553,1967,3,314,105,Sold,,,http://www.redfin.com/VA/Reston/1555-Brookshire-Ct-20190/home/9221228,BRIGHT MLS,VAFX1157234,N,Y,38.9686178,-77.3372433
PAST SALE,October-16-2020,Single Family Residential,1821 Post Oak Trl,Reston,VA,20191,726000,4,3.0,RESTON,2696,20994,1978,17,269,59,Sold,,,http://www.redfin.com/VA/Reston/1821-Post-Oak-Trl-20191/home/9352649,BRIGHT MLS,VAFX1152126,N,Y,38.9411903,-77.3142468
PAST SALE,September-28-2020,Condo/Co-op,11500 Fairway Dr #505,Reston,VA,20190,580000,2,2.5,WATERFORD SQUARE CONDO,2058,,1982,35,282,653,Sold,,,http://www.redfin.com/VA/Reston/11500-Fairway-Dr-20190/unit-505/home/9227808,BRIGHT MLS,VAFX1139768,N,Y,38.9637146,-77.342478
PAST SALE,August-13-2020,Townhouse,1738 Sundance Dr,Reston,VA,20194,410000,3,2.5,RESTON SEC 49 BLK 5,1440,1918,1985,81,285,122,Sold,,,http://www.redfin.com/VA/Reston/1738-Sundance-Dr-20194/home/9210277,BRIGHT MLS,VAFX1141348,N,Y,38.9705749,-77.363473
PAST SALE,October-15-2020,Condo/Co-op,12001 Market St #445,Reston,VA,20190,425000,2,2.0,MARKET STREET AT TOWN CE,1076,,2003,18,395,495,Sold,,,http://www.redfin.com/VA/Reston/12001-Market-St-20190/unit-445/home/9849171,BRIGHT MLS,VAFX1122204,N,Y,38.958028,-77.362359
PAST SALE,August-10-2020,Townhouse,1622 Poplar Grove Dr,Reston,VA,20194,375000,2,1.5,RESTON SEC 39 BLK 2 BLK,1155,987,1986,84,325,138,Sold,,,http://www.redfin.com/VA/Reston/1622-Poplar-Grove-Dr-20194/home/9132642,BRIGHT MLS,VAFX1136080,N,Y,38.977495,-77.360975
PAST SALE,October-20-2020,Condo/Co-op,12000 Market St #370,Reston,VA,20190,436000,2,2.0,SAVOY AT RESTON TOWN CEN,1150,,2004,13,379,486,Sold,,,http://www.redfin.com/VA/Reston/12000-Market-St-20190/unit-370/home/9850666,BRIGHT MLS,VAFX1133622,N,Y,38.9602738,-77.3628027
PAST SALE,October-20-2020,Townhouse,11633 Chapel Cross Way,Reston,VA,20194,650000,4,4.0,RESTON SEC 35 BLK 1 THE,2638,2973,1987,13,246,59,Sold,,,http://www.redfin.com/VA/Reston/11633-Chapel-Cross-Way-20194/home/9138679,BRIGHT MLS,VAFX1148120,N,Y,38.9772382,-77.3487062
PAST SALE,October-20-2020,Condo/Co-op,1604 Chimney House Rd #1604,Reston,VA,20190,250000,1,1.0,LAKE ANNE OF RESTON COND,723,,1966,13,346,742,Sold,,,http://www.redfin.com/VA/Reston/1604-Chimney-House-Rd-20190/unit-1604/home/9225833,BRIGHT MLS,VAFX1156566,N,Y,38.9690222,-77.3408998
PAST SALE,August-28-2020,Single Family Residential,11959 Grey Squirrel Ln,Reston,VA,20194,840000,5,3.5,RESTON,3636,31582,1986,66,231,59,Sold,,,http://www.redfin.com/VA/Reston/11959-Grey-Squirrel-Ln-20194/home/9129819,BRIGHT MLS,VAFX1131744,N,Y,38.9738458,-77.3607512
PAST SALE,August-26-2020,Single Family Residential,11206 Bradbury Ln,Reston,VA,20194,812550,5,3.5,RESTON,3033,13476,1984,68,268,59,Sold,,,http://www.redfin.com/VA/Reston/11206-Bradbury-Ln-20194/home/9137330,BRIGHT MLS,VAFX1142586,N,Y,38.9776516,-77.333295
PAST SALE,August-27-2020,Townhouse,11732 Great Owl Cir,Reston,VA,20194,605000,3,3.5,RESTON SEC 55 BLK 3B,2372,1702,1990,67,255,100,Sold,,,http://www.redfin.com/VA/Reston/11732-Great-Owl-Cir-20194/home/9140542,BRIGHT MLS,VAFX1144372,N,Y,38.982512,-77.351315
PAST SALE,August-31-2020,Condo/Co-op,12000 Market St #454,Reston,VA,20190,515000,2,2.5,SAVOY AT RESTON TOWN CEN,1372,,2004,63,375,520,Sold,,,http://www.redfin.com/VA/Reston/12000-Market-St-20190/unit-454/home/9848928,BRIGHT MLS,VAFX1132660,N,Y,38.9602738,-77.3628027
PAST SALE,August-31-2020,Single Family Residential,11209 Center Post Ct,Reston,VA,20194,850000,5,3.5,RESTON,3649,5045,1993,63,233,208,Sold,,,http://www.redfin.com/VA/Reston/11209-Center-Post-Ct-20194/home/9143063,BRIGHT MLS,VAFX1142510,N,Y,38.9798214,-77.3353365
PAST SALE,September-2-2020,Townhouse,1775 Whisperhill Dr,Reston,VA,20194,408000,3,2.5,RESTON SEC 41 BLK 1A 1B,1350,915,1985,61,302,103,Sold,,,http://www.redfin.com/VA/Reston/1775-Whisperhill-Dr-20194/home/9211939,BRIGHT MLS,VAFX1137650,N,Y,38.9692511,-77.3558952
PAST SALE,October-1-2020,Townhouse,1718 Stuart Pointe Ln,Herndon,VA,20170,568000,3,2.5,TOWNS AT STUART POINTE,2086,2928,1999,32,272,71,Sold,,,http://www.redfin.com/VA/Herndon/1718-Stuart-Pointe-Ln-20170/home/9217264,BRIGHT MLS,VAFX1147644,N,Y,38.9688468,-77.3641643
PAST SALE,September-2-2020,Condo/Co-op,1519 N Point Dr #303,Reston,VA,20194,340000,2,2.0,NORTH POINT VILLAS CONDO,1191,,1999,61,285,343,Sold,,,http://www.redfin.com/VA/Reston/1519-N-Point-Dr-20194/unit-303/home/17111311,BRIGHT MLS,VAFX1144552,N,Y,38.9796029,-77.3514284
PAST SALE,October-23-2020,Townhouse,1713 Whisperhill Dr,Reston,VA,20194,400000,2,2.5,RESTON SEC 41 BLK 1A 1B,1224,1087,1985,10,327,103,Sold,,,http://www.redfin.com/VA/Reston/1713-Whisperhill-Dr-20194/home/9211690,BRIGHT MLS,VAFX1155330,N,Y,38.9696768,-77.3556871
PAST SALE,August-17-2020,Condo/Co-op,12001 Market St #273,Reston,VA,20190,269000,1,1.0,MARKET STREET AT TOWN CE,816,,2003,77,330,310,Sold,,,http://www.redfin.com/VA/Reston/12001-Market-St-20190/unit-273/home/9849098,BRIGHT MLS,VAFX1137168,N,Y,38.958028,-77.362359
PAST SALE,August-21-2020,Single Family Residential,1321 Gatesmeadow Way,Reston,VA,20194,915000,4,4.5,CRIPPENS CORNER,4670,12731,2000,73,196,143,Sold,,,http://www.redfin.com/VA/Reston/1321-Gatesmeadow-Way-20194/home/9160337,BRIGHT MLS,VAFX1125246,N,Y,38.9756529,-77.3238722
PAST SALE,October-27-2020,Single Family Residential,11889 Shaker Meadows Ct,Herndon,VA,20170,1285000,5,5.5,SHAKER GROVE,4844,36965,2002,6,265,42,Sold,,,http://www.redfin.com/VA/Herndon/11889-Shaker-Meadows-Ct-20170/home/9831945,BRIGHT MLS,VAFX1147786,N,Y,38.9878139,-77.3580821
PAST SALE,October-9-2020,Townhouse,1664 Sierra Woods Ct,Reston,VA,20194,432000,4,2.5,RESTON SEC 49 BLK 4,1670,2259,1984,24,259,91,Sold,,,http://www.redfin.com/VA/Herndon/1664-Sierra-Woods-Ct-20194/home/9210073,BRIGHT MLS,VAFX1148512,N,Y,38.971567,-77.3650229
PAST SALE,October-27-2020,Single Family Residential,1203 Night Star Ct,Reston,VA,20194,920000,5,3.5,RESTON,2789,11336,1994,6,330,58,Sold,,,http://www.redfin.com/VA/Reston/1203-Night-Star-Ct-20194/home/9123227,BRIGHT MLS,VAFX1150316,N,Y,38.989703,-77.3409448
PAST SALE,September-11-2020,Townhouse,1597 Inlet Ct,Reston,VA,20190,599900,3,2.5,RESTON SEC 17 BLK 4 INLE,1885,1829,1972,52,318,167,Sold,,,http://www.redfin.com/VA/Reston/1597-Inlet-Ct-20190/home/9223137,BRIGHT MLS,VAFX1141400,N,Y,38.967037,-77.334383
PAST SALE,October-27-2020,Condo/Co-op,11800 Sunset Hills Rd #518,Reston,VA,20190,299000,1,1.0,CARLTON HOUSE CONDO,759,,2005,6,394,385,Sold,,,http://www.redfin.com/VA/Reston/11800-Sunset-Hills-Rd-20190/unit-518/home/9850772,BRIGHT MLS,VAFX1154894,N,Y,38.956205,-77.3544438
PAST SALE,October-29-2020,Townhouse,1524 Scandia Cir,Reston,VA,20190,530000,4,3.5,RESTON SEC 19 BLK 2 BENT,2331,2517,1973,4,227,105,Sold,,,http://www.redfin.com/VA/Reston/1524-Scandia-Cir-20190/home/9243205,BRIGHT MLS,VAFX1156472,N,Y,38.961562,-77.329712
PAST SALE,October-29-2020,Single Family Residential,12009 Creekbend Dr,Reston,VA,20194,998420,6,4.5,SMC STUART ROAD,5492,14531,1997,4,182,59,Sold,,,http://www.redfin.com/VA/Reston/12009-Creekbend-Dr-20194/home/9832318,BRIGHT MLS,VAFX1155922,N,Y,38.9770082,-77.3639809
PAST SALE,October-30-2020,Single Family Residential,10913 Thanlet Ln,Reston,VA,20190,845000,5,3.5,RESTON,3150,13332,1971,3,268,59,Sold,,,http://www.redfin.com/VA/Reston/10913-Thanlet-Ln-20190/home/9241316,BRIGHT MLS,VAFX1151028,N,Y,38.9692242,-77.3225036
PAST SALE,October-1-2020,Townhouse,1542 Scandia Cir,Reston,VA,20190,525000,4,3.5,RESTON SEC 19 BLK 2 BENT,2484,3376,1973,32,211,100,Sold,,,http://www.redfin.com/VA/Reston/1542-Scandia-Cir-20190/home/9243242,BRIGHT MLS,VAFX1127230,N,Y,38.9618247,-77.3292792
PAST SALE,September-17-2020,Single Family Residential,11609 Springhouse Pl,Reston,VA,20194,775000,3,3.5,RESTON,2853,5481,1989,46,272,59,Sold,,,http://www.redfin.com/VA/Reston/11609-Springhouse-Pl-20194/home/9139810,BRIGHT MLS,VAFX1149988,N,Y,38.9822694,-77.3477641
PAST SALE,October-30-2020,Single Family Residential,11272 Center Harbor Rd,Reston,VA,20194,885000,5,3.5,RESTON,3918,13890,1989,3,226,59,Sold,,,http://www.redfin.com/VA/Reston/11272-Center-Harbor-Rd-20194/home/9158840,BRIGHT MLS,VAFX1150964,N,Y,38.9828641,-77.3330931
PAST SALE,October-15-2020,Townhouse,1488 Roundleaf Ct,Reston,VA,20190,555000,4,3.5,RESTON,2623,3378,1970,18,212,93,Sold,,,http://www.redfin.com/VA/Reston/1488-Roundleaf-Ct-20190/home/9241992,BRIGHT MLS,VAFX1155226,N,Y,38.9671712,-77.3314133
PAST SALE,September-11-2020,Single Family Residential,1547 Regatta Ln,Reston,VA,20194,775900,5,3.5,RESTON,3318,5448,1987,52,234,184,Sold,,,http://www.redfin.com/VA/Reston/1547-Regatta-Ln-20194/home/9227419,BRIGHT MLS,VAFX1148250,N,Y,38.9714586,-77.3450275
PAST SALE,October-30-2020,Single Family Residential,1608 Woodstock Ln,Reston,VA,20194,940000,4,2.5,RESTON,3238,7722,1988,3,290,244,Sold,,,http://www.redfin.com/VA/Reston/1608-Woodstock-Ln-20194/home/9226303,BRIGHT MLS,VAFX1150148,N,Y,38.969975,-77.345932
PAST SALE,September-18-2020,Single Family Residential,11617 Quail Ridge Ct,Reston,VA,20194,791101,5,3.5,RESTON,3198,15610,1985,45,247,59,Sold,,,http://www.redfin.com/VA/Reston/11617-Quail-Ridge-Ct-20194/home/9137743,BRIGHT MLS,VAFX1147916,N,Y,38.9840983,-77.3509045
PAST SALE,October-6-2020,Condo/Co-op,11990 Market St #1517,Reston,VA,20190,740000,3,2.0,MIDTOWN AT RESTON TOWN C,1619,,2006,27,457,1123,Sold,,,http://www.redfin.com/VA/Reston/11990-Market-St-20190/unit-1517/home/12073204,BRIGHT MLS,VAFX1142406,N,Y,38.9590789,-77.3610497
PAST SALE,September-25-2020,Condo/Co-op,1793 Jonathan Way Unit F,Reston,VA,20190,235000,1,1.0,PARCRESTON CONDO,690,,1985,38,341,336,Sold,,,http://www.redfin.com/VA/Reston/1793-Jonathan-Way-20190/unit-F/home/28835764,BRIGHT MLS,VAFX1149746,N,Y,38.9610444,-77.3523176
PAST SALE,September-30-2020,Condo/Co-op,2054 Royal Fern Ct Unit 2B,Reston,VA,20191,245000,2,1.0,SOUTHGATE,991,,1973,33,247,386,Sold,,,http://www.redfin.com/VA/Reston/2054-Royal-Fern-Ct-20191/unit-2B/home/143203811,BRIGHT MLS,VAFX1150368,N,Y,38.944797,-77.359001
PAST SALE,October-8-2020,Townhouse,11572 Woodhollow Ct,Reston,VA,20191,525000,3,3.0,RESTON SEC 56 BLK 1 SOAP,1866,1650,1972,25,281,115,Sold,,,http://www.redfin.com/VA/Reston/11572-Woodhollow-Ct-20191/home/9350898,BRIGHT MLS,VAFX1124956,N,Y,38.927657,-77.343219
PAST SALE,September-14-2020,Single Family Residential,2344 Bedfordshire Cir,Reston,VA,20191,655000,3,2.5,STRATTON WOODS,2546,20000,1977,49,257,35,Sold,,,http://www.redfin.com/VA/Reston/2344-Bedfordshire-Cir-20191/home/9294007,BRIGHT MLS,VAFX1148034,N,Y,38.9402927,-77.3810475
PAST SALE,August-10-2020,Condo/Co-op,11120 Beaver Trail Ct,Reston,VA,20191,285000,1,1.0,NANTUCKET AT RESTON COND,951,,1985,84,300,370,Sold,,,http://www.redfin.com/VA/Reston/11120-Beaver-Trail-Ct-20191/unit-11120/home/9357275,BRIGHT MLS,VAFX1135988,N,Y,38.932591,-77.330219
PAST SALE,August-13-2020,Townhouse,1951 Roland Clarke Pl #31,Reston,VA,20191,844415,4,4.5,SUNRISE SQUARE,2540,1193,2020,81,332,195,Sold,,,http://www.redfin.com/VA/Reston/1951-Roland-Clarke-Pl-20191/unit-31/home/171118261,BRIGHT MLS,VAFX1117490,N,Y,38.9489813,-77.34956
PAST SALE,October-15-2020,Townhouse,1686 Waterhaven Dr,Reston,VA,20190,680000,3,3.0,TOWNES AT WATERFORD,2439,1927,1998,18,279,158,Sold,,,http://www.redfin.com/VA/Reston/1686-Waterhaven-Dr-20190/home/9231729,BRIGHT MLS,VAFX1155912,N,Y,38.963616,-77.343311
PAST SALE,,Condo/Co-op,1411 Northgate Sq #11,Reston,VA,20190,265000,2,2.0,,986,,1971,,269,,,,,http://www.redfin.com/VA/Reston/1411-Northgate-Sq-20190/unit-11/home/9228103,,,N,Y,38.9705785,-77.3347956
PAST SALE,September-29-2020,Condo/Co-op,1642-A Chimney House Rd,Reston,VA,20190,229500,1,1.0,LAKE ANNE OF,721,,1966,34,318,742,Sold,,,http://www.redfin.com/VA/Reston/1642A-Chimney-House-Rd-20190/home/172953963,BRIGHT MLS,VAFX1151164,N,Y,38.968765,-77.340341
PAST SALE,October-16-2020,Townhouse,1224 Weatherstone Ct,Reston,VA,20194,595000,3,3.0,RESTON SEC 73 BLK 7 WEAT,2108,3131,1995,17,282,104,Sold,,,http://www.redfin.com/VA/Reston/1224-Weatherstone-Ct-20194/home/9144685,BRIGHT MLS,VAFX1154186,N,Y,38.9861743,-77.3413693
PAST SALE,October-2-2020,Townhouse,11503 Waterhaven Ct,Reston,VA,20190,660000,3,3.5,TOWNES AT WATERFORD,2178,2518,1997,31,303,142,Sold,,,http://www.redfin.com/VA/Reston/11503-Waterhaven-Ct-20190/home/9231675,BRIGHT MLS,VAFX1153052,N,Y,38.9640749,-77.343188
PAST SALE,August-31-2020,Condo/Co-op,1714 Abercromby Ct Unit A,Reston,VA,20190,273500,2,1.0,PARCRESTON CONDO,840,,1985,63,326,394,Sold,,,http://www.redfin.com/VA/Reston/1714-Abercromby-Ct-20190/unit-A/home/172262613,BRIGHT MLS,VAFX1136728,N,Y,38.963254,-77.353296
PAST SALE,,Condo/Co-op,1665 Parkcrest Cir Unit 5C300,Reston,VA,20190,294000,2,1.0,,1112,,1973,,264,,,,,http://www.redfin.com/VA/Reston/1665-Parkcrest-Cir-20190/unit-5C300/home/9249056,,,N,Y,38.957468,-77.329936
PAST SALE,,Single Family Residential,11690 Stockbridge Ln,Reston,VA,20194,615000,4,2.5,,1614,9212,1983,,381,,,,,http://www.redfin.com/VA/Reston/11690-Stockbridge-Ln-20194/home/9227152,,,N,Y,38.9692185,-77.3516671
PAST SALE,August-31-2020,Condo/Co-op,1851 Stratford Park Pl #107,Reston,VA,20190,400000,2,2.0,STRATFORD CONDO,1062,,2002,63,377,524,Sold,,,http://www.redfin.com/VA/Reston/1851-Stratford-Park-Pl-20190/unit-107/home/9838028,BRIGHT MLS,VAFX1139072,N,Y,38.9580435,-77.3530798
PAST SALE,August-31-2020,Townhouse,1616 Purple Sage Dr,Reston,VA,20194,375000,3,2.5,RESTON SEC 49 BLK 3A 3B,1860,1014,1985,63,202,110,Sold,,,http://www.redfin.com/VA/Reston/1616-Purple-Sage-Dr-20194/home/9131009,BRIGHT MLS,VAFX1142794,N,Y,38.973175,-77.363595
PAST SALE,August-31-2020,Condo/Co-op,1712 Lake Shore Crest Dr #21,Reston,VA,20190,267500,1,1.0,EDGEWATER AT,801,,1995,63,334,342,Sold,,,http://www.redfin.com/VA/Reston/1712-Lake-Shore-Crest-Dr-20190/unit-21/home/9215529,BRIGHT MLS,VAFX1142786,N,Y,38.9653185,-77.3629137
PAST SALE,,Townhouse,11725 Newbridge Ct,Reston,VA,20191,405000,4,3.5,,1692,1685,1974,,239,,,,,http://www.redfin.com/VA/Reston/11725-Newbridge-Ct-20191/home/9237612,,,N,Y,38.945367,-77.3525219
PAST SALE,October-14-2020,Condo/Co-op,11612 Ivystone Ct #200,Reston,VA,20191,312000,2,2.0,WOODWINDS CONDO,1141,,1974,19,273,439,Sold,,,http://www.redfin.com/VA/Reston/11612-Ivystone-Ct-20191/unit-200/home/146180021,BRIGHT MLS,VAFX1155198,N,Y,38.9350382,-77.3472033
PAST SALE,September-1-2020,Condo/Co-op,1505 N Point Dr #301,Reston,VA,20194,302500,2,1.0,NORTH POINT VILLAS CONDO,947,,1999,62,319,367,Sold,,,http://www.redfin.com/VA/Reston/1505-N-Point-Dr-20194/unit-301/home/28550241,BRIGHT MLS,VAFX1139958,N,Y,38.980678,-77.351859
PAST SALE,October-2-2020,Townhouse,11732 Paysons Way,Reston,VA,20191,870999,3,3.5,VALLEY & PARK,2873,1170,2020,31,303,150,Sold,,,http://www.redfin.com/VA/Reston/11732-Paysons-Way-20191/home/169125324,BRIGHT MLS,VAFX1116506,N,Y,38.9495093,-77.3516339
PAST SALE,October-16-2020,Condo/Co-op,1435 Northgate Sq Unit 22B,Reston,VA,20190,268000,2,2.0,NORTHGATE CONDO,986,,1971,17,272,482,Sold,,,http://www.redfin.com/VA/Reston/1435-Northgate-Sq-20190/unit-22B/home/52321367,BRIGHT MLS,VAFX1158166,N,Y,38.971226,-77.334245
PAST SALE,August-21-2020,Townhouse,1233 Woodbrook Ct,Reston,VA,20194,653000,3,3.5,RESTON SEC 73 BLK 5,3272,3769,1994,73,200,59,Sold,,,http://www.redfin.com/VA/Reston/1233-Woodbrook-Ct-20194/home/9144191,BRIGHT MLS,VAFX1140832,N,Y,38.9841,-77.335984
PAST SALE,August-7-2020,Townhouse,2224 Gunsmith Sq,Reston,VA,20191,380000,3,1.5,RESTON SEC 50 BLK 5,1232,1408,1976,87,308,111,Sold,,,http://www.redfin.com/VA/Reston/2224-Gunsmith-Sq-20191/home/9329527,BRIGHT MLS,VAFX1135568,N,Y,38.936404,-77.354811
PAST SALE,August-13-2020,Townhouse,1200 Woodbrook Ct,Reston,VA,20194,650000,3,3.5,RESTON SEC 73 BLK 5,3060,3569,1995,81,212,237,Sold,,,http://www.redfin.com/VA/Reston/1200-Woodbrook-Ct-20194/home/9143937,BRIGHT MLS,VAFX1140664,N,Y,38.984863,-77.336891
PAST SALE,September-4-2020,Townhouse,12036 Trumbull Way Unit 2B,Reston,VA,20190,614000,3,2.5,LINCOLN PARK CONDO,1876,,1999,59,327,413,Sold,,,http://www.redfin.com/VA/Reston/12036-Trumbull-Way-20190/unit-2B/home/82024454,BRIGHT MLS,VAFX1144292,N,Y,38.9566296,-77.3631329
PAST SALE,October-23-2020,Townhouse,1588 Goldenrain Ct,Reston,VA,20190,470000,3,3.0,RESTON SEC 9 BLK 15 REGE,1664,1694,1970,10,282,95,Sold,,,http://www.redfin.com/VA/Reston/1588-Goldenrain-Ct-20190/home/9242347,BRIGHT MLS,VAFX1148026,N,Y,38.967192,-77.329606
PAST SALE,October-23-2020,Townhouse,11581 Maple Ridge Rd,Reston,VA,20190,529588,3,1.5,RESTON PCL 4 SEC 1 BLK 1,1974,1098,1965,10,268,242,Sold,,,http://www.redfin.com/VA/Reston/11581-Maple-Ridge-Rd-20190/home/9218001,BRIGHT MLS,VAFX1157714,N,Y,38.968018,-77.345614
PAST SALE,August-7-2020,Townhouse,2016 Lakebreeze Way,Reston,VA,20191,802000,4,3.5,RESTON SEC 74 BLK 2 LAKE,2038,2646,1977,87,394,117,Sold,,,http://www.redfin.com/VA/Reston/2016-Lakebreeze-Way-20191/home/9341255,BRIGHT MLS,VAFX1142656,N,Y,38.93694,-77.334656
PAST SALE,October-23-2020,Single Family Residential,1167 Reston Ave,Herndon,VA,20170,1180000,5,3.5,QUAIL RUN,4248,62147,1988,10,278,,Sold,,,http://www.redfin.com/VA/Herndon/1167-Reston-Ave-20170/home/9121580,BRIGHT MLS,VAFX1153906,N,Y,38.9937279,-77.3439956
PAST SALE,August-28-2020,Condo/Co-op,1665 Parkcrest Cir #300,Reston,VA,20190,294000,2,1.0,BENTANA PARK CONDO,1112,,1973,66,264,497,Sold,,,http://www.redfin.com/VA/Reston/1665-Parkcrest-Cir-20190/unit-300/home/144172705,BRIGHT MLS,VAFX1143054,N,Y,38.957468,-77.329936
PAST SALE,October-22-2020,Condo/Co-op,1729 Ascot Way Unit D,Reston,VA,20190,275000,2,1.0,PARCRESTON CONDO,905,,1985,11,304,397,Sold,,,http://www.redfin.com/VA/Reston/1729-Ascot-Way-20190/unit-D/home/172777364,BRIGHT MLS,VAFX1149332,N,Y,38.96418,-77.353242
PAST SALE,August-21-2020,Townhouse,1626 Bandit Loop,Reston,VA,20190,599990,3,2.5,TALL OAKS,1600,,2020,73,375,290,Sold,,,http://www.redfin.com/VA/Herndon/1626-Bandit-LOOP-20190/home/171258830,BRIGHT MLS,VAFX1132856,N,Y,38.95890726,-77.33322175
PAST SALE,August-18-2020,Condo/Co-op,1373 Garden Wall Cir #602,Reston,VA,20194,275000,2,1.0,BALDWIN GROVE CONDO,788,,1993,76,349,349,Sold,,,http://www.redfin.com/VA/Reston/1373-Garden-Wall-Cir-20194/unit-602/home/9147622,BRIGHT MLS,VAFX1142478,N,Y,38.9830913,-77.3379757
PAST SALE,August-18-2020,Condo/Co-op,12025 New Dominion Pkwy #112,Reston,VA,20190,439000,1,1.5,MIDTOWN NORTH CONDO,1224,,2007,76,359,821,Sold,,,http://www.redfin.com/VA/Reston/12025-New-Dominion-Pkwy-20190/unit-112/home/17112031,BRIGHT MLS,VAFX1110338,N,Y,38.9603517,-77.3608333
PAST SALE,August-20-2020,Condo/Co-op,11128 Harbor Ct,Reston,VA,20191,530000,2,2.5,HARBOR POINT CONDO,1380,,1981,74,384,541,Sold,,,http://www.redfin.com/VA/Reston/11128-Harbor-Ct-20191/unit-1128/home/9355832,BRIGHT MLS,VAFX1136316,N,Y,38.9372414,-77.3311674
PAST SALE,September-22-2020,Condo/Co-op,1511 N Point Dr #302,Reston,VA,20194,366000,3,2.0,NORTH POINT VILLAS CONDO,1300,,1999,41,282,468,Sold,,,http://www.redfin.com/VA/Reston/1511-N-Point-Dr-20194/unit-302/home/22967185,BRIGHT MLS,VAFX1148404,N,Y,38.9805358,-77.3511396
PAST SALE,August-11-2020,Townhouse,2052 Golf Course Dr,Reston,VA,20191,600000,5,3.5,GOLF COURSE SQUARE CLUST,2746,2860,1972,83,218,157,Sold,,,http://www.redfin.com/VA/Reston/2052-Golf-Course-Dr-20191/home/9335296,BRIGHT MLS,VAFX1139118,N,Y,38.942926,-77.351228
PAST SALE,October-27-2020,Townhouse,1656 Bachan Ct,Reston,VA,20190,510000,3,2.5,RESTON SEC 1,1875,1540,1979,6,272,59,Sold,,,http://www.redfin.com/VA/Reston/1656-Bachan-Ct-20190/home/9224943,BRIGHT MLS,VAFX1156264,N,Y,38.964685,-77.344316
PAST SALE,September-15-2020,Condo/Co-op,12000 Market St #477,Reston,VA,20190,357000,1,1.0,SAVOY AT RESTON TOWN CEN,891,,2004,48,401,405,Sold,,,http://www.redfin.com/VA/Reston/12000-Market-St-20190/unit-477/home/9848943,BRIGHT MLS,VAFX1143790,N,Y,38.9602738,-77.3628027
PAST SALE,,Condo/Co-op,2328 Freetown Ct #5,Reston,VA,20191,227000,3,1.0,,1004,,1973,,226,,,,,http://www.redfin.com/VA/Reston/2328-Freetown-Ct-20191/unit-5/home/9330608,,,N,Y,38.9371419,-77.3671208
PAST SALE,September-25-2020,Townhouse,11413 Hollow Timber Way,Reston,VA,20194,735000,3,3.5,RESTON SEC 61 BLK 1 TIMB,2856,2819,1991,38,257,180,Sold,,,http://www.redfin.com/VA/Reston/11413-Hollow-Timber-Way-20194/home/9145051,BRIGHT MLS,VAFX1145612,N,Y,38.979291,-77.342423
PAST SALE,August-7-2020,Condo/Co-op,12195 Abington Hall Pl #204,Reston,VA,20190,425000,2,2.0,MADISON PARK AT WEST MAR,1172,,2000,87,363,386,Sold,,,http://www.redfin.com/VA/Reston/12195-Abington-Hall-Pl-20190/unit-204/home/9832647,BRIGHT MLS,VAFX1140020,N,Y,38.9603432,-77.3674214
PAST SALE,September-30-2020,Condo/Co-op,11990 Market St #915,Reston,VA,20190,766000,3,2.0,MIDTOWN AT RESTON TOWN C,1619,,2006,33,473,1123,Sold,,,http://www.redfin.com/VA/Reston/11990-Market-St-20190/unit-915/home/12073171,BRIGHT MLS,VAFX1105360,N,Y,38.9590789,-77.3610497
PAST SALE,October-27-2020,Single Family Residential,1422 Belcastle Ct,Reston,VA,20194,1040000,4,3.5,RESTON,3795,5650,1993,6,274,59,Sold,,,http://www.redfin.com/VA/Reston/1422-Belcastle-Ct-20194/home/9147052,BRIGHT MLS,VAFX1148980,N,Y,38.9761397,-77.3412588
PAST SALE,October-27-2020,Condo/Co-op,1661 Parkcrest Cir #301,Reston,VA,20190,309950,2,1.0,BENTANA PARK,1112,,1973,6,279,497,Sold,,,http://www.redfin.com/VA/Reston/1661-Parkcrest-Cir-20190/unit-301/home/143419188,BRIGHT MLS,VAFX1154646,N,Y,38.957468,-77.329936
PAST SALE,October-27-2020,Condo/Co-op,1400 Northgate Sq Unit 1A,Reston,VA,20190,210000,1,1.0,NORTHGATE CONDO,680,,1971,6,309,428,Sold,,,http://www.redfin.com/VA/Reston/1400-Northgate-Sq-20190/unit-1A/home/9137925,BRIGHT MLS,VAFX1157516,N,Y,38.972692,-77.333962
PAST SALE,August-6-2020,Townhouse,1911 Logan Manor Dr,Reston,VA,20190,879000,3,4.0,RESTON SEC 933 BLK 4 LOG,3069,2930,1999,88,286,124,Sold,,,http://www.redfin.com/VA/Reston/1911-Logan-Manor-Dr-20190/home/9216241,BRIGHT MLS,VAFX1124518,N,Y,38.9588924,-77.3658798
PAST SALE,September-15-2020,Townhouse,11506 Hickory Cluster,Reston,VA,20190,449000,3,2.0,RESTON PCL 4 SEC 1 BLK 1,1568,1232,1965,48,286,242,Sold,,,http://www.redfin.com/VA/Reston/11506-Hickory-Cluster-20190/home/9218417,BRIGHT MLS,VAFX1144468,N,Y,38.967156,-77.343632
PAST SALE,August-7-2020,Condo/Co-op,1412 Northgate Sq Unit 12B,Reston,VA,20190,271000,2,2.0,NORTHGATE CONDO,986,,1971,87,275,470,Sold,,,http://www.redfin.com/VA/Reston/1412-Northgate-Sq-20190/unit-12B/home/172449279,BRIGHT MLS,VAFX1139230,N,Y,38.972442,-77.334436
PAST SALE,August-31-2020,Townhouse,1660 Sierra Woods Ct,Reston,VA,20194,456000,3,3.0,RESTON SEC 49 BLK 4,1520,1412,1984,63,300,90,Sold,,,http://www.redfin.com/VA/Reston/1660-Sierra-Woods-Ct-20194/home/9210077,BRIGHT MLS,VAFX1144008,N,Y,38.97175,-77.364887
PAST SALE,October-20-2020,Condo/Co-op,12001 Market St #222,Reston,VA,20190,277000,1,1.0,MARKET STREET AT TOWN CE,751,,2003,13,369,310,Sold,,,http://www.redfin.com/VA/Reston/12001-Market-St-20190/unit-222/home/9849072,BRIGHT MLS,VAFX1151636,N,Y,38.958028,-77.362359
PAST SALE,August-27-2020,Condo/Co-op,12160 Abington Hall Pl #304,Reston,VA,20190,475000,3,2.0,MADISON PARK AT WEST MAR,1336,,2000,67,356,400,Sold,,,http://www.redfin.com/VA/Reston/12160-Abington-Hall-Pl-20190/unit-304/home/9217498,BRIGHT MLS,VAFX1138716,N,Y,38.9596202,-77.36575
PAST SALE,October-29-2020,Single Family Residential,1265 Lamplighter Way,Reston,VA,20194,755000,3,3.5,RESTON,2926,7274,1990,4,258,148,Sold,,,http://www.redfin.com/VA/Reston/1265-Lamplighter-Way-20194/home/9143309,BRIGHT MLS,VAFX1111092,N,Y,38.9839346,-77.3344391
PAST SALE,August-14-2020,Townhouse,1454 Greenmont Ct,Reston,VA,20190,464999,3,2.5,RESTON SEC 9 BLK 1 OF RE,1613,1775,1969,80,288,125,Sold,,,http://www.redfin.com/VA/Reston/1454-Greenmont-Ct-20190/home/9239767,BRIGHT MLS,VAFX1141294,N,Y,38.970939,-77.330022
PAST SALE,September-11-2020,Single Family Residential,1310 Red Hawk Cir,Reston,VA,20194,835000,5,4.5,RESTON,4922,5103,1999,52,170,183,Sold,,,http://www.redfin.com/VA/Reston/1310-Red-Hawk-Cir-20194/home/9150363,BRIGHT MLS,VAFX1137630,N,Y,38.9859301,-77.3449377
PAST SALE,September-8-2020,Single Family Residential,2031 Beacon Pl,Reston,VA,20191,830000,4,3.5,RESTON,3640,5929,1989,55,228,197,Sold,,,http://www.redfin.com/VA/Reston/2031-Beacon-Pl-20191/home/9354619,BRIGHT MLS,VAFX1144312,N,Y,38.9359823,-77.3273834
PAST SALE,August-21-2020,Townhouse,2240 Lofty Heights Pl,Reston,VA,20191,357000,4,2.0,RESTON SEC 36 BLK 4A PIN,1040,1260,1973,73,343,180,Sold,,,http://www.redfin.com/VA/Reston/2240-Lofty-Heights-Pl-20191/unit-123/home/9327380,BRIGHT MLS,VAFX1138250,N,Y,38.939801,-77.367459
PAST SALE,October-30-2020,Single Family Residential,1279 Golden Eagle Dr,Reston,VA,20194,760000,4,3.5,RESTON,2948,18083,1985,3,258,59,Sold,,,http://www.redfin.com/VA/Reston/1279-Golden-Eagle-Dr-20194/home/9122525,BRIGHT MLS,VAFX1157042,N,Y,38.9862644,-77.3457901
PAST SALE,October-1-2020,Townhouse,11965 Greywing Ct,Reston,VA,20191,570000,5,3.5,RESTON SEC 34 BLK 2A COL,2707,2808,1972,32,211,142,Sold,,,http://www.redfin.com/VA/Reston/11965-Greywing-Ct-20191/home/9324325,BRIGHT MLS,VAFX1151322,N,Y,38.9406598,-77.3591138
PAST SALE,October-30-2020,Single Family Residential,11003 Ring Rd,Reston,VA,20190,649900,5,3.5,RESTON,3596,15650,1970,3,181,59,Sold,,,http://www.redfin.com/VA/Reston/11003-Ring-Rd-20190/home/9240604,BRIGHT MLS,VAFX1153920,N,Y,38.9714034,-77.3237152
PAST SALE,September-10-2020,Townhouse,11696 Sunrise Square Pl #18,Reston,VA,20191,839000,4,4.5,SUNRISE SQUARE,2540,,2019,53,330,195,Sold,,,http://www.redfin.com/VA/Reston/11696-Sunrise-Square-Pl-20191/unit-18/home/167026637,BRIGHT MLS,VAFX1131788,N,Y,38.93479,-77.35134
PAST SALE,October-29-2020,Condo/Co-op,11776 Stratford House Place Pl #902,Reston,VA,20190,670000,2,2.0,STRATFORD CONDO,1641,,2001,4,408,700,Sold,,,http://www.redfin.com/VA/Reston/11776-Stratford-House-Pl-20190/unit-902/home/9837924,BRIGHT MLS,VAFX1145276,N,Y,38.9586976,-77.3535033
PAST SALE,September-16-2020,Townhouse,11818 Great Owl Cir,Reston,VA,20194,580000,3,3.5,RESTON SEC 55 BLK 3A,1704,1684,1988,47,340,100,Sold,,,http://www.redfin.com/VA/Reston/11818-Great-Owl-Cir-20194/home/9140037,BRIGHT MLS,VAFX1144528,N,Y,38.9810663,-77.350524
PAST SALE,September-17-2020,Condo/Co-op,11800 Sunset Hills Rd #812,Reston,VA,20190,312500,1,1.0,CARLTON HOUSE CONDO,851,,2005,46,367,385,Sold,,,http://www.redfin.com/VA/Reston/11800-Sunset-Hills-Rd-20190/unit-812/home/9849303,BRIGHT MLS,VAFX1140098,N,Y,38.956205,-77.3544438
PAST SALE,September-18-2020,Townhouse,2300 Southgate Sq,Reston,VA,20191,345000,3,1.5,SOUTHGATE SQUARE CLUSTER,1262,2025,1972,45,273,46,Sold,,,http://www.redfin.com/VA/Reston/2300-Southgate-Sq-20191/home/9323134,BRIGHT MLS,VAFX1144084,N,Y,38.9421092,-77.3639136
PAST SALE,September-30-2020,Townhouse,2231 White Cornus Ln,Reston,VA,20191,315000,2,1.5,RESTON SEC 38B BLK 12 DO,1104,1089,1973,33,285,112,Sold,,,http://www.redfin.com/VA/Reston/2231-White-Cornus-Ln-20191/home/9325616,BRIGHT MLS,VAFX1140848,N,Y,38.943236,-77.372471
PAST SALE,October-29-2020,Condo/Co-op,12937 Centre Park Cir #203,Herndon,VA,20171,339000,2,2.0,BRYSON AT WOODLAND PARK,1175,,2005,4,289,405,Sold,,,http://www.redfin.com/VA/Herndon/12937-Centre-Park-Cir-20171/unit-203/home/12073057,BRIGHT MLS,VAFX1156058,N,Y,38.9499366,-77.3911985
PAST SALE,August-6-2020,Townhouse,1684 Moorings Dr,Reston,VA,20190,639000,4,3.5,RESTON SEC 17 BLK 2A,1704,2143,1971,88,375,225,Sold,,,http://www.redfin.com/VA/Reston/1684-Moorings-Dr-20190/home/9223871,BRIGHT MLS,VAFX1146174,N,Y,38.966311,-77.336146
PAST SALE,August-21-2020,Condo/Co-op,12000 Market St #462,Reston,VA,20190,360000,1,1.0,SAVOY AT RESTON TOWN CEN,839,,2004,73,429,405,Sold,,,http://www.redfin.com/VA/Reston/12000-Market-St-20190/unit-462/home/9848934,BRIGHT MLS,VAFX1138772,N,Y,38.9602738,-77.3628027
